[
    {
        "dev_id": 10289,
        "national_id": 40,
        "letter_id": "Ch29",
        "full_name": "WZ-132-1",
        "short_name": "WZ-132-1",
        "tier": "X",
        "class": "Light",
        "type": "Tech Tree",
        "price_credits": 6300000,
        "price_xp": 280000,
        "price_gold": "-",
        "restoration_credits": "-",
        "restoration_gold": "-",
        "sale_credits": 3150000,
        "sale_gold ": "- "
    },
    {
        "dev_id": 4145,
        "national_id": 16,
        "letter_id": "Ch19",
        "full_name": "WZ-121",
        "short_name": "WZ-121",
        "tier": "X",
        "class": "Medium",
        "type": "Tech Tree",
        "price_credits": 6100000,
        "price_xp": 275000,
        "price_gold": "-",
        "restoration_credits": "-",
        "restoration_gold": "-",
        "sale_credits": 3050000,
        "sale_gold ": "- "
    },
    {
        "dev_id": 5681,
        "national_id": 22,
        "letter_id": "Ch25",
        "full_name": "121B",
        "short_name": "121B",
        "tier": "X",
        "class": "Medium",
        "type": "Collector",
        "price_credits": "-",
        "price_xp": "-",
        "price_gold": 15000,
        "restoration_credits": "-",
        "restoration_gold": 15000,
        "sale_credits": "-",
        "sale_gold ": 7500
    },
    {
        "dev_id": 11825,
        "national_id": 46,
        "letter_id": "Ch48",
        "full_name": "BZ-75",
        "short_name": "BZ-75",
        "tier": "X",
        "class": "Heavy",
        "type": "Tech Tree",
        "price_credits": 6100000,
        "price_xp": 290000,
        "price_gold": "-",
        "restoration_credits": "-",
        "restoration_gold": "-",
        "sale_credits": 3050000,
        "sale_gold ": "- "
    },
    {
        "dev_id": 5425,
        "national_id": 21,
        "letter_id": "Ch22",
        "full_name": "WZ-113",
        "short_name": "WZ-113",
        "tier": "X",
        "class": "Heavy",
        "type": "Tech Tree",
        "price_credits": 6100000,
        "price_xp": 200000,
        "price_gold": "-",
        "restoration_credits": "-",
        "restoration_gold": "-",
        "sale_credits": 3050000,
        "sale_gold ": "- "
    },
    {
        "dev_id": 14129,
        "national_id": 55,
        "letter_id": "Ch57",
        "full_name": "BZT-70",
        "short_name": "BZT-70",
        "tier": "X",
        "class": "Heavy",
        "type": "Collector",
        "price_credits": "-",
        "price_xp": "-",
        "price_gold": 15000,
        "restoration_credits": "-",
        "restoration_gold": 15000,
        "sale_credits": "-",
        "sale_gold ": 7500
    },
    {
        "dev_id": 12849,
        "national_id": 50,
        "letter_id": "Ch52",
        "full_name": "116-F3",
        "short_name": "116-F3",
        "tier": "X",
        "class": "Heavy",
        "type": "Collector",
        "price_credits": "-",
        "price_xp": "-",
        "price_gold": 15000,
        "restoration_credits": "-",
        "restoration_gold": 15000,
        "sale_credits": "-",
        "sale_gold ": 7500
    },
    {
        "dev_id": 11057,
        "national_id": 43,
        "letter_id": "Ch44",
        "full_name": "114 SP2",
        "short_name": "114 SP2",
        "tier": "X",
        "class": "Heavy",
        "type": "Collector",
        "price_credits": "-",
        "price_xp": "-",
        "price_gold": 15000,
        "restoration_credits": "-",
        "restoration_gold": 15000,
        "sale_credits": "-",
        "sale_gold ": 7500
    },
    {
        "dev_id": 8497,
        "national_id": 33,
        "letter_id": "Ch41",
        "full_name": "WZ-111 model 5A",
        "short_name": "WZ-111 5A",
        "tier": "X",
        "class": "Heavy",
        "type": "Collector",
        "price_credits": "-",
        "price_xp": "-",
        "price_gold": 15000,
        "restoration_credits": "-",
        "restoration_gold": 15000,
        "sale_credits": "-",
        "sale_gold ": 7500
    },
    {
        "dev_id": 6449,
        "national_id": 25,
        "letter_id": "Ch38",
        "full_name": "WZ-113G FT",
        "short_name": "WZ-113G FT",
        "tier": "X",
        "class": "TD",
        "type": "Tech Tree",
        "price_credits": 6100000,
        "price_xp": 350000,
        "price_gold": "-",
        "restoration_credits": "-",
        "restoration_gold": "-",
        "sale_credits": 3050000,
        "sale_gold ": "- "
    },
    {
        "dev_id": 10033,
        "national_id": 39,
        "letter_id": "Ch28",
        "full_name": "WZ-132A",
        "short_name": "WZ-132A",
        "tier": "IX",
        "class": "Light",
        "type": "Tech Tree",
        "price_credits": 3480000,
        "price_xp": 184000,
        "price_gold": "-",
        "restoration_credits": "-",
        "restoration_gold": "-",
        "sale_credits": 1740000,
        "sale_gold ": "- "
    },
    {
        "dev_id": 1841,
        "national_id": 7,
        "letter_id": "Ch18",
        "full_name": "WZ-120",
        "short_name": "WZ-120",
        "tier": "IX",
        "class": "Medium",
        "type": "Tech Tree",
        "price_credits": 3520000,
        "price_xp": 175000,
        "price_gold": "-",
        "restoration_credits": "-",
        "restoration_gold": "-",
        "sale_credits": 1760000,
        "sale_gold ": "- "
    },
    {
        "dev_id": 12081,
        "national_id": 47,
        "letter_id": "Ch49",
        "full_name": "BZ-68",
        "short_name": "BZ-68",
        "tier": "IX",
        "class": "Heavy",
        "type": "Tech Tree",
        "price_credits": 3500000,
        "price_xp": 190000,
        "price_gold": "-",
        "restoration_credits": "-",
        "restoration_gold": "-",
        "sale_credits": 1750000,
        "sale_gold ": "- "
    },
    {
        "dev_id": 2097,
        "national_id": 8,
        "letter_id": "Ch12",
        "full_name": "WZ-111 model 1-4",
        "short_name": "WZ-111 1-4",
        "tier": "IX",
        "class": "Heavy",
        "type": "Tech Tree",
        "price_credits": 3500000,
        "price_xp": 150000,
        "price_gold": "-",
        "restoration_credits": "-",
        "restoration_gold": "-",
        "sale_credits": 1750000,
        "sale_gold ": "- "
    },
    {
        "dev_id": 13873,
        "national_id": 54,
        "letter_id": "Ch56",
        "full_name": "BZ-74-1",
        "short_name": "BZ-74-1",
        "tier": "IX",
        "class": "Heavy",
        "type": "Collector",
        "price_credits": "-",
        "price_xp": "-",
        "price_gold": 10000,
        "restoration_credits": "-",
        "restoration_gold": 10000,
        "sale_credits": "-",
        "sale_gold ": 5000
    },
    {
        "dev_id": 13105,
        "national_id": 51,
        "letter_id": "Ch47",
        "full_name": "BZ-176",
        "short_name": "BZ-176",
        "tier": "IX",
        "class": "Heavy",
        "type": "Collector",
        "price_credits": "-",
        "price_xp": "-",
        "price_gold": 10000,
        "restoration_credits": "-",
        "restoration_gold": 10000,
        "sale_credits": "-",
        "sale_gold ": 5000
    },
    {
        "dev_id": 11569,
        "national_id": 45,
        "letter_id": "Ch59",
        "full_name": "BZ-58-2",
        "short_name": "BZ-58-2",
        "tier": "IX",
        "class": "Heavy",
        "type": "Collector",
        "price_credits": "-",
        "price_xp": "-",
        "price_gold": 10000,
        "restoration_credits": "-",
        "restoration_gold": 10000,
        "sale_credits": "-",
        "sale_gold ": 5000
    },
    {
        "dev_id": 9777,
        "national_id": 38,
        "letter_id": "Ch45",
        "full_name": "WZ-114",
        "short_name": "WZ-114",
        "tier": "IX",
        "class": "Heavy",
        "type": "Collector",
        "price_credits": "-",
        "price_xp": "-",
        "price_gold": 10000,
        "restoration_credits": "-",
        "restoration_gold": 10000,
        "sale_credits": "-",
        "sale_gold ": 5000
    },
    {
        "dev_id": 8241,
        "national_id": 32,
        "letter_id": "Ch37",
        "full_name": "WZ-111G FT",
        "short_name": "WZ-111G FT",
        "tier": "IX",
        "class": "TD",
        "type": "Tech Tree",
        "price_credits": 3350000,
        "price_xp": 150000,
        "price_gold": "-",
        "restoration_credits": "-",
        "restoration_gold": "-",
        "sale_credits": 1675000,
        "sale_gold ": "- "
    },
    {
        "dev_id": 14385,
        "national_id": 56,
        "letter_id": "Ch40",
        "full_name": "WZ-120G FT",
        "short_name": "WZ-120G FT",
        "tier": "IX",
        "class": "TD",
        "type": "Collector",
        "price_credits": "-",
        "price_xp": "-",
        "price_gold": 10000,
        "restoration_credits": "-",
        "restoration_gold": 10000,
        "sale_credits": "-",
        "sale_gold ": 5000
    },
    {
        "dev_id": 3889,
        "national_id": 15,
        "letter_id": "Ch17",
        "full_name": "WZ-132",
        "short_name": "WZ-132",
        "tier": "VIII",
        "class": "Light",
        "type": "Tech Tree",
        "price_credits": 2410000,
        "price_xp": 122000,
        "price_gold": "-",
        "restoration_credits": "-",
        "restoration_gold": "-",
        "sale_credits": 1205000,
        "sale_gold ": "- "
    },
    {
        "dev_id": 1585,
        "national_id": 6,
        "letter_id": "Ch05",
        "full_name": "T-34-2",
        "short_name": "T-34-2",
        "tier": "VIII",
        "class": "Medium",
        "type": "Tech Tree",
        "price_credits": 2480000,
        "price_xp": 105000,
        "price_gold": "-",
        "restoration_credits": "-",
        "restoration_gold": "-",
        "sale_credits": 1240000,
        "sale_gold ": "- "
    },
    {
        "dev_id": 9521,
        "national_id": 37,
        "letter_id": "Ch43",
        "full_name": "WZ-122 TM",
        "short_name": "WZ-122 TM",
        "tier": "VIII",
        "class": "Medium",
        "type": "Premium",
        "price_credits": "-",
        "price_xp": "-",
        "price_gold": 7500,
        "restoration_credits": 3000000,
        "restoration_gold": "-",
        "sale_credits": 1500000,
        "sale_gold ": "- "
    },
    {
        "dev_id": 13617,
        "national_id": 53,
        "letter_id": "Ch60",
        "full_name": "Type 59 spc",
        "short_name": "Type 59 spc",
        "tier": "VIII",
        "class": "Medium",
        "type": "Collector",
        "price_credits": "-",
        "price_xp": "-",
        "price_gold": 7500,
        "restoration_credits": "-",
        "restoration_gold": 7500,
        "sale_credits": "-",
        "sale_gold ": 3750
    },
    {
        "dev_id": 6193,
        "national_id": 24,
        "letter_id": "Ch14",
        "full_name": "T-34-3",
        "short_name": "T-34-3",
        "tier": "VIII",
        "class": "Medium",
        "type": "Collector",
        "price_credits": "-",
        "price_xp": "-",
        "price_gold": 7500,
        "restoration_credits": "-",
        "restoration_gold": 7500,
        "sale_credits": "-",
        "sale_gold ": 3750
    },
    {
        "dev_id": 5937,
        "national_id": 23,
        "letter_id": "Ch26",
        "full_name": "59-Patton",
        "short_name": "59-Patton",
        "tier": "VIII",
        "class": "Medium",
        "type": "Collector",
        "price_credits": "-",
        "price_xp": "-",
        "price_gold": 7500,
        "restoration_credits": "-",
        "restoration_gold": 7500,
        "sale_credits": "-",
        "sale_gold ": 3750
    },
    {
        "dev_id": 49,
        "national_id": 0,
        "letter_id": "Ch01",
        "full_name": "Type 59",
        "short_name": "Type 59",
        "tier": "VIII",
        "class": "Medium",
        "type": "Collector",
        "price_credits": "-",
        "price_xp": "-",
        "price_gold": 7500,
        "restoration_credits": "-",
        "restoration_gold": 7500,
        "sale_credits": "-",
        "sale_gold ": 3750
    },
    {
        "dev_id": 12593,
        "national_id": 49,
        "letter_id": "Ch50",
        "full_name": "BZ-166",
        "short_name": "BZ-166",
        "tier": "VIII",
        "class": "Heavy",
        "type": "Tech Tree",
        "price_credits": 2600000,
        "price_xp": 120000,
        "price_gold": "-",
        "restoration_credits": "-",
        "restoration_gold": "-",
        "sale_credits": 1300000,
        "sale_gold ": "- "
    },
    {
        "dev_id": 2865,
        "national_id": 11,
        "letter_id": "Ch11",
        "full_name": "WZ-110",
        "short_name": "WZ-110",
        "tier": "VIII",
        "class": "Heavy",
        "type": "Tech Tree",
        "price_credits": 2600000,
        "price_xp": 85000,
        "price_gold": "-",
        "restoration_credits": "-",
        "restoration_gold": "-",
        "sale_credits": 1300000,
        "sale_gold ": "- "
    },
    {
        "dev_id": 64561,
        "national_id": 252,
        "letter_id": "Ch23",
        "full_name": "112 Glacial",
        "short_name": "112 Glacial",
        "tier": "VIII",
        "class": "Heavy",
        "type": "Premium",
        "price_credits": "-",
        "price_xp": "-",
        "price_gold": 7500,
        "restoration_credits": 3000000,
        "restoration_gold": "-",
        "sale_credits": 1500000,
        "sale_gold ": "- "
    },
    {
        "dev_id": 7217,
        "national_id": 28,
        "letter_id": "-",
        "full_name": "WZ-112-2",
        "short_name": "WZ-112-2",
        "tier": "VIII",
        "class": "Heavy",
        "type": "Collector",
        "price_credits": "-",
        "price_xp": "-",
        "price_gold": 7500,
        "restoration_credits": "-",
        "restoration_gold": 7500,
        "sale_credits": "-",
        "sale_gold ": 3750
    },
    {
        "dev_id": 817,
        "national_id": 3,
        "letter_id": "Ch03",
        "full_name": "WZ-111",
        "short_name": "WZ-111",
        "tier": "VIII",
        "class": "Heavy",
        "type": "Collector",
        "price_credits": "-",
        "price_xp": "-",
        "price_gold": 7500,
        "restoration_credits": "-",
        "restoration_gold": 7500,
        "sale_credits": "-",
        "sale_gold ": 3750
    },
    {
        "dev_id": 7985,
        "national_id": 31,
        "letter_id": "Ch36",
        "full_name": "WZ-111-1G FT",
        "short_name": "WZ-111-1G FT",
        "tier": "VIII",
        "class": "TD",
        "type": "Tech Tree",
        "price_credits": 2500000,
        "price_xp": 91000,
        "price_gold": "-",
        "restoration_credits": "-",
        "restoration_gold": "-",
        "sale_credits": 1250000,
        "sale_gold ": "- "
    },
    {
        "dev_id": 6961,
        "national_id": 27,
        "letter_id": "Ch39",
        "full_name": "WZ-120-1G FT",
        "short_name": "WZ-120-1G FT",
        "tier": "VIII",
        "class": "TD",
        "type": "Premium",
        "price_credits": "-",
        "price_xp": "-",
        "price_gold": 7500,
        "restoration_credits": 3000000,
        "restoration_gold": "-",
        "sale_credits": 1500000,
        "sale_gold ": "- "
    },
    {
        "dev_id": 3377,
        "national_id": 13,
        "letter_id": "Ch16",
        "full_name": "WZ-131",
        "short_name": "WZ-131",
        "tier": "VII",
        "class": "Light",
        "type": "Tech Tree",
        "price_credits": 1420000,
        "price_xp": 62200,
        "price_gold": "-",
        "restoration_credits": "-",
        "restoration_gold": "-",
        "sale_credits": 710000,
        "sale_gold ": "- "
    },
    {
        "dev_id": 65329,
        "national_id": 255,
        "letter_id": "Ch02",
        "full_name": "Type 62",
        "short_name": "Type 62",
        "tier": "VII",
        "class": "Light",
        "type": "Premium",
        "price_credits": "-",
        "price_xp": "-",
        "price_gold": 5500,
        "restoration_credits": 2200000,
        "restoration_gold": "-",
        "sale_credits": 1100000,
        "sale_gold ": "- "
    },
    {
        "dev_id": 8753,
        "national_id": 34,
        "letter_id": "Ch42",
        "full_name": "M41D",
        "short_name": "M41D",
        "tier": "VII",
        "class": "Light",
        "type": "Premium",
        "price_credits": "-",
        "price_xp": "-",
        "price_gold": 5300,
        "restoration_credits": 2120000,
        "restoration_gold": "-",
        "sale_credits": 1060000,
        "sale_gold ": "- "
    },
    {
        "dev_id": 1073,
        "national_id": 4,
        "letter_id": "Ch04",
        "full_name": "T-34-1",
        "short_name": "T-34-1",
        "tier": "VII",
        "class": "Medium",
        "type": "Tech Tree",
        "price_credits": 1400000,
        "price_xp": 57820,
        "price_gold": "-",
        "restoration_credits": "-",
        "restoration_gold": "-",
        "sale_credits": 700000,
        "sale_gold ": "- "
    },
    {
        "dev_id": 11313,
        "national_id": 44,
        "letter_id": "-",
        "full_name": "Type 58 50-08",
        "short_name": "Type 58 50-08",
        "tier": "VII",
        "class": "Medium",
        "type": "Collector",
        "price_credits": "-",
        "price_xp": "-",
        "price_gold": 500,
        "restoration_credits": "-",
        "restoration_gold": 1000,
        "sale_credits": "-",
        "sale_gold ": 500
    },
    {
        "dev_id": 12337,
        "national_id": 48,
        "letter_id": "Ch51",
        "full_name": "BZ-58",
        "short_name": "BZ-58",
        "tier": "VII",
        "class": "Heavy",
        "type": "Tech Tree",
        "price_credits": 1450000,
        "price_xp": 64000,
        "price_gold": "-",
        "restoration_credits": "-",
        "restoration_gold": "-",
        "sale_credits": 725000,
        "sale_gold ": "- "
    },
    {
        "dev_id": 3633,
        "national_id": 14,
        "letter_id": "Ch10",
        "full_name": "IS-2",
        "short_name": "IS-2",
        "tier": "VII",
        "class": "Heavy",
        "type": "Tech Tree",
        "price_credits": 1450000,
        "price_xp": 61360,
        "price_gold": "-",
        "restoration_credits": "-",
        "restoration_gold": "-",
        "sale_credits": 725000,
        "sale_gold ": "- "
    },
    {
        "dev_id": 7473,
        "national_id": 29,
        "letter_id": "Ch35",
        "full_name": "T-34-2G FT",
        "short_name": "T-34-2G FT",
        "tier": "VII",
        "class": "TD",
        "type": "Tech Tree",
        "price_credits": 1440000,
        "price_xp": 48200,
        "price_gold": "-",
        "restoration_credits": "-",
        "restoration_gold": "-",
        "sale_credits": 720000,
        "sale_gold ": "- "
    },
    {
        "dev_id": 4913,
        "national_id": 19,
        "letter_id": "Ch15",
        "full_name": "59-16",
        "short_name": "59-16",
        "tier": "VI",
        "class": "Light",
        "type": "Tech Tree",
        "price_credits": 920000,
        "price_xp": 24700,
        "price_gold": "-",
        "restoration_credits": "-",
        "restoration_gold": "-",
        "sale_credits": 460000,
        "sale_gold ": "- "
    },
    {
        "dev_id": 10545,
        "national_id": 41,
        "letter_id": "Ch15",
        "full_name": "Wind",
        "short_name": "Wind",
        "tier": "VI",
        "class": "Light",
        "type": "Collector",
        "price_credits": "-",
        "price_xp": "-",
        "price_gold": 500,
        "restoration_credits": "-",
        "restoration_gold": 1000,
        "sale_credits": "-",
        "sale_gold ": 500
    },
    {
        "dev_id": 2609,
        "national_id": 10,
        "letter_id": "Ch24",
        "full_name": "Type 64",
        "short_name": "Type 64",
        "tier": "VI",
        "class": "Light",
        "type": "Collector",
        "price_credits": "-",
        "price_xp": "-",
        "price_gold": 3500,
        "restoration_credits": "-",
        "restoration_gold": 3500,
        "sale_credits": "-",
        "sale_gold ": 1750
    },
    {
        "dev_id": 5169,
        "national_id": 20,
        "letter_id": "Ch20",
        "full_name": "Type 58",
        "short_name": "Type 58",
        "tier": "VI",
        "class": "Medium",
        "type": "Tech Tree",
        "price_credits": 920000,
        "price_xp": 25000,
        "price_gold": "-",
        "restoration_credits": "-",
        "restoration_gold": "-",
        "sale_credits": 460000,
        "sale_gold ": "- "
    },
    {
        "dev_id": 9265,
        "national_id": 36,
        "letter_id": "-",
        "full_name": "Type 58",
        "short_name": "Type 58",
        "tier": "VI",
        "class": "Medium",
        "type": "Collector",
        "price_credits": "-",
        "price_xp": "-",
        "price_gold": 10,
        "restoration_credits": "-",
        "restoration_gold": 20,
        "sale_credits": "-",
        "sale_gold ": 10
    },
    {
        "dev_id": 9009,
        "national_id": 35,
        "letter_id": "-",
        "full_name": "Ox",
        "short_name": "Ox",
        "tier": "VI",
        "class": "Medium",
        "type": "Collector",
        "price_credits": "-",
        "price_xp": "-",
        "price_gold": 500,
        "restoration_credits": "-",
        "restoration_gold": 1000,
        "sale_credits": "-",
        "sale_gold ": 500
    },
    {
        "dev_id": 7729,
        "national_id": 30,
        "letter_id": "Ch34",
        "full_name": "WZ-131G FT",
        "short_name": "WZ-131G FT",
        "tier": "VI",
        "class": "TD",
        "type": "Tech Tree",
        "price_credits": 910000,
        "price_xp": 23700,
        "price_gold": "-",
        "restoration_credits": "-",
        "restoration_gold": "-",
        "sale_credits": 455000,
        "sale_gold ": "- "
    },
    {
        "dev_id": 10801,
        "national_id": 42,
        "letter_id": "Ch34",
        "full_name": "Panlong",
        "short_name": "Panlong",
        "tier": "VI",
        "class": "TD",
        "type": "Collector",
        "price_credits": "-",
        "price_xp": "-",
        "price_gold": 500,
        "restoration_credits": "-",
        "restoration_gold": 1000,
        "sale_credits": "-",
        "sale_gold ": 500
    },
    {
        "dev_id": 4657,
        "national_id": 18,
        "letter_id": "Ch21",
        "full_name": "Type T-34",
        "short_name": "Type T-34",
        "tier": "V",
        "class": "Medium",
        "type": "Tech Tree",
        "price_credits": 400000,
        "price_xp": 7000,
        "price_gold": "-",
        "restoration_credits": "-",
        "restoration_gold": "-",
        "sale_credits": 200000,
        "sale_gold ": "- "
    },
    {
        "dev_id": 3121,
        "national_id": 12,
        "letter_id": "Ch09",
        "full_name": "M5A1 Stuart",
        "short_name": "M5A1 Stuart",
        "tier": "IV",
        "class": "Light",
        "type": "Tech Tree",
        "price_credits": 85000,
        "price_xp": 2500,
        "price_gold": "-",
        "restoration_credits": "-",
        "restoration_gold": "-",
        "sale_credits": 42500,
        "sale_gold ": "- "
    },
    {
        "dev_id": 4401,
        "national_id": 17,
        "letter_id": "Ch08",
        "full_name": "Type 2597 Chi-Ha",
        "short_name": "Chi-Ha",
        "tier": "III",
        "class": "Medium",
        "type": "Tech Tree",
        "price_credits": 6000,
        "price_xp": 700,
        "price_gold": "-",
        "restoration_credits": "-",
        "restoration_gold": "-",
        "sale_credits": 3000,
        "sale_gold ": "- "
    },
    {
        "dev_id": 6705,
        "national_id": 26,
        "letter_id": "-",
        "full_name": "LT vz. 38",
        "short_name": "LT vz. 38",
        "tier": "II",
        "class": "Light",
        "type": "Tech Tree",
        "price_credits": 1200,
        "price_xp": 210,
        "price_gold": "-",
        "restoration_credits": "-",
        "restoration_gold": "-",
        "sale_credits": 600,
        "sale_gold ": "- "
    },
    {
        "dev_id": 2353,
        "national_id": 9,
        "letter_id": "Ch07",
        "full_name": "Vickers Mk. E Type B",
        "short_name": "VAE Type B",
        "tier": "I",
        "class": "Light",
        "type": "Tech Tree",
        "price_credits": 0,
        "price_xp": 0,
        "price_gold": "-",
        "restoration_credits": "-",
        "restoration_gold": "-",
        "sale_credits": 0,
        "sale_gold ": "- "
    },
    {
        "dev_id": 1329,
        "national_id": 5,
        "letter_id": "Ch06",
        "full_name": "Renault NC-31",
        "short_name": "NC-31",
        "tier": "I",
        "class": "Light",
        "type": "Tech Tree",
        "price_credits": 0,
        "price_xp": 0,
        "price_gold": "-",
        "restoration_credits": "-",
        "restoration_gold": "-",
        "sale_credits": 0,
        "sale_gold ": "- "
    }
]