[
    {
        "dev_id": 14977,
        "national_id": 58,
        "letter_id": "Pl21",
        "full_name": "CS-63",
        "short_name": "CS-63",
        "tier": "X",
        "class": "Medium",
        "type": "Tech Tree",
        "price_credits": 6100000,
        "price_xp": 235000,
        "price_gold": "-",
        "restoration_credits": "-",
        "restoration_gold": "-",
        "sale_credits": 3050000,
        "sale_gold ": "- "
    },
    {
        "dev_id": 5505,
        "national_id": 21,
        "letter_id": "Cz04",
        "full_name": "TVP T 50/51",
        "short_name": "TVP T 50/51",
        "tier": "X",
        "class": "Medium",
        "type": "Tech Tree",
        "price_credits": 6100000,
        "price_xp": 250200,
        "price_gold": "-",
        "restoration_credits": "-",
        "restoration_gold": "-",
        "sale_credits": 3050000,
        "sale_gold ": "- "
    },
    {
        "dev_id": 385,
        "national_id": 1,
        "letter_id": "It08",
        "full_name": "Progetto M40 mod. 65",
        "short_name": "Progetto 65",
        "tier": "X",
        "class": "Medium",
        "type": "Tech Tree",
        "price_credits": 6100000,
        "price_xp": 250200,
        "price_gold": "-",
        "restoration_credits": "-",
        "restoration_gold": "-",
        "sale_credits": 3050000,
        "sale_gold ": "- "
    },
    {
        "dev_id": 18049,
        "national_id": 70,
        "letter_id": "It21",
        "full_name": "Lion",
        "short_name": "Lion",
        "tier": "X",
        "class": "Medium",
        "type": "Collector",
        "price_credits": "-",
        "price_xp": "-",
        "price_gold": 15000,
        "restoration_credits": "-",
        "restoration_gold": 15000,
        "sale_credits": "-",
        "sale_gold ": 7500
    },
    {
        "dev_id": 10113,
        "national_id": 39,
        "letter_id": "It20",
        "full_name": "Carro da Combattimento 45t",
        "short_name": "Carro 45t",
        "tier": "X",
        "class": "Medium",
        "type": "Collector",
        "price_credits": "-",
        "price_xp": "-",
        "price_gold": 15000,
        "restoration_credits": "-",
        "restoration_gold": 15000,
        "sale_credits": "-",
        "sale_gold ": 7500
    },
    {
        "dev_id": 17793,
        "national_id": 69,
        "letter_id": "It115",
        "full_name": "Rinoceronte",
        "short_name": "Rinoceronte",
        "tier": "X",
        "class": "Heavy",
        "type": "Tech Tree",
        "price_credits": 6100000,
        "price_xp": 275000,
        "price_gold": "-",
        "restoration_credits": "-",
        "restoration_gold": "-",
        "sale_credits": 3050000,
        "sale_gold ": "- "
    },
    {
        "dev_id": 13185,
        "national_id": 51,
        "letter_id": "Cz17",
        "full_name": "Vz. 55",
        "short_name": "Vz. 55",
        "tier": "X",
        "class": "Heavy",
        "type": "Tech Tree",
        "price_credits": 6500000,
        "price_xp": 270000,
        "price_gold": "-",
        "restoration_credits": "-",
        "restoration_gold": "-",
        "sale_credits": 3250000,
        "sale_gold ": "- "
    },
    {
        "dev_id": 7297,
        "national_id": 28,
        "letter_id": "Pl15",
        "full_name": "60TP Lewandowskiego",
        "short_name": "60TP Lewandowskiego",
        "tier": "X",
        "class": "Heavy",
        "type": "Tech Tree",
        "price_credits": 6100000,
        "price_xp": 265000,
        "price_gold": "-",
        "restoration_credits": "-",
        "restoration_gold": "-",
        "sale_credits": 3050000,
        "sale_gold ": "- "
    },
    {
        "dev_id": 4481,
        "national_id": 17,
        "letter_id": "S16",
        "full_name": "Kranvagn",
        "short_name": "Kranvagn",
        "tier": "X",
        "class": "Heavy",
        "type": "Tech Tree",
        "price_credits": 6100000,
        "price_xp": 212500,
        "price_gold": "-",
        "restoration_credits": "-",
        "restoration_gold": "-",
        "sale_credits": 3050000,
        "sale_gold ": "- "
    },
    {
        "dev_id": 20097,
        "national_id": 78,
        "letter_id": "It35",
        "full_name": "Felice",
        "short_name": "Felice",
        "tier": "X",
        "class": "Heavy",
        "type": "Collector",
        "price_credits": "-",
        "price_xp": "-",
        "price_gold": 15000,
        "restoration_credits": "-",
        "restoration_gold": 15000,
        "sale_credits": ".",
        "sale_gold ": 7500
    },
    {
        "dev_id": 12161,
        "national_id": 47,
        "letter_id": "S31",
        "full_name": "Strv K",
        "short_name": "Strv K",
        "tier": "X",
        "class": "Heavy",
        "type": "Collector",
        "price_credits": "-",
        "price_xp": "-",
        "price_gold": 15000,
        "restoration_credits": "-",
        "restoration_gold": 15000,
        "sale_credits": "-",
        "sale_gold ": 7500
    },
    {
        "dev_id": 19585,
        "national_id": 76,
        "letter_id": "Pl29",
        "full_name": "NC 70 Błyskawica",
        "short_name": "NC 70 Błyskawica",
        "tier": "X",
        "class": "TD",
        "type": "Tech Tree",
        "price_credits": 6100000,
        "price_xp": 320000,
        "price_gold": "-",
        "restoration_credits": "-",
        "restoration_gold": "-",
        "sale_credits": 3050000,
        "sale_gold ": "- "
    },
    {
        "dev_id": 10369,
        "national_id": 40,
        "letter_id": "It21",
        "full_name": "Controcarro 3 Minotauro",
        "short_name": "Minotauro",
        "tier": "X",
        "class": "TD",
        "type": "Tech Tree",
        "price_credits": 6500000,
        "price_xp": 292000,
        "price_gold": "-",
        "restoration_credits": "-",
        "restoration_gold": "-",
        "sale_credits": 3250000,
        "sale_gold ": "- "
    },
    {
        "dev_id": 15233,
        "national_id": 59,
        "letter_id": "Pl22",
        "full_name": "CS-59",
        "short_name": "CS-59",
        "tier": "IX",
        "class": "Medium",
        "type": "Tech Tree",
        "price_credits": 3325000,
        "price_xp": 170000,
        "price_gold": "-",
        "restoration_credits": "-",
        "restoration_gold": "-",
        "sale_credits": 1662500,
        "sale_gold ": "- "
    },
    {
        "dev_id": 5761,
        "national_id": 22,
        "letter_id": "Cz02",
        "full_name": "Škoda T 50",
        "short_name": "Škoda T 50",
        "tier": "IX",
        "class": "Medium",
        "type": "Tech Tree",
        "price_credits": 3480000,
        "price_xp": 162000,
        "price_gold": "-",
        "restoration_credits": "-",
        "restoration_gold": "-",
        "sale_credits": 1740000,
        "sale_gold ": "- "
    },
    {
        "dev_id": 641,
        "national_id": 2,
        "letter_id": "It12",
        "full_name": "Prototipo Standard B",
        "short_name": "Standard B",
        "tier": "IX",
        "class": "Medium",
        "type": "Tech Tree",
        "price_credits": 3480000,
        "price_xp": 162350,
        "price_gold": "-",
        "restoration_credits": "-",
        "restoration_gold": "-",
        "sale_credits": 1740000,
        "sale_gold ": "- "
    },
    {
        "dev_id": 6785,
        "national_id": 26,
        "letter_id": "Cz13",
        "full_name": "Škoda T 27",
        "short_name": "Škoda T 27",
        "tier": "IX",
        "class": "Medium",
        "type": "Premium",
        "price_credits": "-",
        "price_xp": "-",
        "price_gold": 10000,
        "restoration_credits": 4000000,
        "restoration_gold": "-",
        "sale_credits": 2000000,
        "sale_gold ": "- "
    },
    {
        "dev_id": 17281,
        "national_id": 67,
        "letter_id": "It119",
        "full_name": "Progetto C50 mod. 66",
        "short_name": "Progetto C50 mod. 66",
        "tier": "IX",
        "class": "Heavy",
        "type": "Tech Tree",
        "price_credits": 3500000,
        "price_xp": 172900,
        "price_gold": "-",
        "restoration_credits": "-",
        "restoration_gold": "-",
        "sale_credits": 1750000,
        "sale_gold ": "- "
    },
    {
        "dev_id": 12929,
        "national_id": 50,
        "letter_id": "Cz16",
        "full_name": "TNH T Vz. 51",
        "short_name": "TNH T Vz. 51",
        "tier": "IX",
        "class": "Heavy",
        "type": "Tech Tree",
        "price_credits": 3570000,
        "price_xp": 162000,
        "price_gold": "-",
        "restoration_credits": "-",
        "restoration_gold": "-",
        "sale_credits": 1785000,
        "sale_gold ": "- "
    },
    {
        "dev_id": 7553,
        "national_id": 29,
        "letter_id": "Pl05",
        "full_name": "50TP Tyszkiewicza",
        "short_name": "50TP Tyszkiewicza",
        "tier": "IX",
        "class": "Heavy",
        "type": "Tech Tree",
        "price_credits": 3561000,
        "price_xp": 165000,
        "price_gold": "-",
        "restoration_credits": "-",
        "restoration_gold": "-",
        "sale_credits": 1780500,
        "sale_gold ": "- "
    },
    {
        "dev_id": 4225,
        "national_id": 16,
        "letter_id": "S17",
        "full_name": "Emil II",
        "short_name": "Emil II",
        "tier": "IX",
        "class": "Heavy",
        "type": "Tech Tree",
        "price_credits": 3600000,
        "price_xp": 161950,
        "price_gold": "-",
        "restoration_credits": "-",
        "restoration_gold": "-",
        "sale_credits": 1800000,
        "sale_gold ": "- "
    },
    {
        "dev_id": 3201,
        "national_id": 12,
        "letter_id": "Pl08",
        "full_name": "50TP prototyp",
        "short_name": "50TP prototyp",
        "tier": "IX",
        "class": "Heavy",
        "type": "Collector",
        "price_credits": "-",
        "price_xp": "-",
        "price_gold": 10000,
        "restoration_credits": "-",
        "restoration_gold": 10000,
        "sale_credits": "-",
        "sale_gold ": 5000
    },
    {
        "dev_id": 19329,
        "national_id": 75,
        "letter_id": "Pl28",
        "full_name": "SDP 60 Gonkiewicza",
        "short_name": "SDP 60 Gonkiewicza",
        "tier": "IX",
        "class": "TD",
        "type": "Tech Tree",
        "price_credits": 3510000,
        "price_xp": 210000,
        "price_gold": "-",
        "restoration_credits": "-",
        "restoration_gold": "-",
        "sale_credits": 1755000,
        "sale_gold ": "- "
    },
    {
        "dev_id": 10625,
        "national_id": 41,
        "letter_id": "It19",
        "full_name": "Controcarro 1 Mk. 2",
        "short_name": "CC 1 Mk. 2",
        "tier": "IX",
        "class": "TD",
        "type": "Tech Tree",
        "price_credits": 3480000,
        "price_xp": 193000,
        "price_gold": "-",
        "restoration_credits": "-",
        "restoration_gold": "-",
        "sale_credits": 1740000,
        "sale_gold ": "- "
    },
    {
        "dev_id": 15489,
        "national_id": 60,
        "letter_id": "Pl23",
        "full_name": "CS-53",
        "short_name": "CS-53",
        "tier": "VIII",
        "class": "Medium",
        "type": "Tech Tree",
        "price_credits": 2100000,
        "price_xp": 120000,
        "price_gold": "-",
        "restoration_credits": "-",
        "restoration_gold": "-",
        "sale_credits": 1050000,
        "sale_gold ": "- "
    },
    {
        "dev_id": 6017,
        "national_id": 23,
        "letter_id": "Cz07",
        "full_name": "TVP VTU Koncept",
        "short_name": "TVP VTU",
        "tier": "VIII",
        "class": "Medium",
        "type": "Tech Tree",
        "price_credits": 2410000,
        "price_xp": 86750,
        "price_gold": "-",
        "restoration_credits": "-",
        "restoration_gold": "-",
        "sale_credits": 1205000,
        "sale_gold ": "- "
    },
    {
        "dev_id": 897,
        "national_id": 3,
        "letter_id": "It14",
        "full_name": "P.44 Pantera",
        "short_name": "P.44 Pantera",
        "tier": "VIII",
        "class": "Medium",
        "type": "Tech Tree",
        "price_credits": 2410000,
        "price_xp": 87200,
        "price_gold": "-",
        "restoration_credits": "-",
        "restoration_gold": "-",
        "sale_credits": 1205000,
        "sale_gold ": "- "
    },
    {
        "dev_id": 2945,
        "national_id": 11,
        "letter_id": "It13",
        "full_name": "Progetto M35 mod. 46",
        "short_name": "Progetto 46",
        "tier": "VIII",
        "class": "Medium",
        "type": "Premium",
        "price_credits": "-",
        "price_xp": "-",
        "price_gold": 7500,
        "restoration_credits": 3000000,
        "restoration_gold": "-",
        "sale_credits": 1500000,
        "sale_gold ": "- "
    },
    {
        "dev_id": 14721,
        "national_id": 57,
        "letter_id": "S23",
        "full_name": "Strv 81",
        "short_name": "Strv 81",
        "tier": "VIII",
        "class": "Medium",
        "type": "Collector",
        "price_credits": "-",
        "price_xp": "-",
        "price_gold": 7500,
        "restoration_credits": "-",
        "restoration_gold": 7500,
        "sale_credits": "-",
        "sale_gold ": 3750
    },
    {
        "dev_id": 8577,
        "national_id": 33,
        "letter_id": "S26",
        "full_name": "Lansen C",
        "short_name": "Lansen C",
        "tier": "VIII",
        "class": "Medium",
        "type": "Collector",
        "price_credits": "-",
        "price_xp": "-",
        "price_gold": 7500,
        "restoration_credits": "-",
        "restoration_gold": 7500,
        "sale_credits": "-",
        "sale_gold ": 3750
    },
    {
        "dev_id": 17025,
        "national_id": 66,
        "letter_id": "It117",
        "full_name": "Progetto CC55 mod. 54",
        "short_name": "Progetto CC55 mod. 54",
        "tier": "VIII",
        "class": "Heavy",
        "type": "Tech Tree",
        "price_credits": 2600000,
        "price_xp": 108500,
        "price_gold": "-",
        "restoration_credits": "-",
        "restoration_gold": "-",
        "sale_credits": 1300000,
        "sale_gold ": "- "
    },
    {
        "dev_id": 13697,
        "national_id": 53,
        "letter_id": "Cz18",
        "full_name": "TNH 105/1000",
        "short_name": "TNH 105/1000",
        "tier": "VIII",
        "class": "Heavy",
        "type": "Tech Tree",
        "price_credits": 2580000,
        "price_xp": 108000,
        "price_gold": "-",
        "restoration_credits": "-",
        "restoration_gold": "-",
        "sale_credits": 1290000,
        "sale_gold ": "- "
    },
    {
        "dev_id": 7809,
        "national_id": 30,
        "letter_id": "Pl13",
        "full_name": "53TP Markowskiego",
        "short_name": "53TP Markowskiego",
        "tier": "VIII",
        "class": "Heavy",
        "type": "Tech Tree",
        "price_credits": 2567800,
        "price_xp": 110000,
        "price_gold": "-",
        "restoration_credits": "-",
        "restoration_gold": "-",
        "sale_credits": 1283900,
        "sale_gold ": "- "
    },
    {
        "dev_id": 3457,
        "national_id": 13,
        "letter_id": "S18",
        "full_name": "Emil I",
        "short_name": "Emil I",
        "tier": "VIII",
        "class": "Heavy",
        "type": "Tech Tree",
        "price_credits": 2552000,
        "price_xp": 87350,
        "price_gold": "-",
        "restoration_credits": "-",
        "restoration_gold": "-",
        "sale_credits": 1276000,
        "sale_gold ": "- "
    },
    {
        "dev_id": 9089,
        "national_id": 35,
        "letter_id": "Cz14",
        "full_name": "Škoda T 56",
        "short_name": "Škoda T 56",
        "tier": "VIII",
        "class": "Heavy",
        "type": "Premium",
        "price_credits": "-",
        "price_xp": "-",
        "price_gold": 7500,
        "restoration_credits": 3000000,
        "restoration_gold": "-",
        "sale_credits": 1500000,
        "sale_gold ": "- "
    },
    {
        "dev_id": 12673,
        "national_id": 49,
        "letter_id": "S32",
        "full_name": "Bofors Tornvagn",
        "short_name": "Tornvagn",
        "tier": "VIII",
        "class": "Heavy",
        "type": "Collector",
        "price_credits": "-",
        "price_xp": "-",
        "price_gold": 7500,
        "restoration_credits": "-",
        "restoration_gold": 7500,
        "sale_credits": "-",
        "sale_gold ": 3750
    },
    {
        "dev_id": 12417,
        "national_id": 48,
        "letter_id": "It22",
        "full_name": "Bisonte C45",
        "short_name": "Bisonte C45",
        "tier": "VIII",
        "class": "Heavy",
        "type": "Collector",
        "price_credits": "-",
        "price_xp": "-",
        "price_gold": 7500,
        "restoration_credits": "-",
        "restoration_gold": 7500,
        "sale_credits": "-",
        "sale_gold ": 3750
    },
    {
        "dev_id": 4737,
        "national_id": 18,
        "letter_id": "S25",
        "full_name": "EMIL 1951",
        "short_name": "EMIL 1951",
        "tier": "VIII",
        "class": "Heavy",
        "type": "Collector",
        "price_credits": "-",
        "price_xp": "-",
        "price_gold": 7500,
        "restoration_credits": "-",
        "restoration_gold": 7500,
        "sale_credits": "-",
        "sale_gold ": 3750
    },
    {
        "dev_id": 19073,
        "national_id": 74,
        "letter_id": "Pl30",
        "full_name": "SDP 58 Kilana",
        "short_name": "SDP 58 Kilana",
        "tier": "VIII",
        "class": "TD",
        "type": "Tech Tree",
        "price_credits": 2560000,
        "price_xp": 120000,
        "price_gold": "-",
        "restoration_credits": "-",
        "restoration_gold": "-",
        "sale_credits": 1280000,
        "sale_gold ": "- "
    },
    {
        "dev_id": 10881,
        "national_id": 42,
        "letter_id": "It18",
        "full_name": "Semovente Controcarro mod. 1964",
        "short_name": "SMV CC-64",
        "tier": "VIII",
        "class": "TD",
        "type": "Tech Tree",
        "price_credits": 2410000,
        "price_xp": 118000,
        "price_gold": "-",
        "restoration_credits": "-",
        "restoration_gold": "-",
        "sale_credits": 1205000,
        "sale_gold ": "- "
    },
    {
        "dev_id": 19841,
        "national_id": 77,
        "letter_id": "Pl27",
        "full_name": "SDP wz 66 Grom",
        "short_name": "SDP wz 66 Grom",
        "tier": "VIII",
        "class": "TD",
        "type": "Collector",
        "price_credits": "-",
        "price_xp": "-",
        "price_gold": 7500,
        "restoration_credits": "-",
        "restoration_gold": 7500,
        "sale_credits": "-",
        "sale_gold ": 3750
    },
    {
        "dev_id": 16769,
        "national_id": 65,
        "letter_id": "It30",
        "full_name": "SMV CC-64 Vipera",
        "short_name": "SMV Vipera",
        "tier": "VIII",
        "class": "TD",
        "type": "Collector",
        "price_credits": "-",
        "price_xp": "-",
        "price_gold": 7500,
        "restoration_credits": "-",
        "restoration_gold": 7500,
        "sale_credits": "-",
        "sale_gold ": 3750
    },
    {
        "dev_id": 16513,
        "national_id": 64,
        "letter_id": "Cz20",
        "full_name": "ShPTK-TVP 100",
        "short_name": "ShPTK-TVP 100",
        "tier": "VIII",
        "class": "TD",
        "type": "Collector",
        "price_credits": "-",
        "price_xp": "-",
        "price_gold": 7500,
        "restoration_credits": "-",
        "restoration_gold": 7500,
        "sale_credits": "-",
        "sale_gold ": 3750
    },
    {
        "dev_id": 15745,
        "national_id": 61,
        "letter_id": "Pl20",
        "full_name": "CS-44",
        "short_name": "CS-44",
        "tier": "VII",
        "class": "Medium",
        "type": "Tech Tree",
        "price_credits": 1300000,
        "price_xp": 60000,
        "price_gold": "-",
        "restoration_credits": "-",
        "restoration_gold": "-",
        "sale_credits": 650000,
        "sale_gold ": "- "
    },
    {
        "dev_id": 6273,
        "national_id": 24,
        "letter_id": "Cz05",
        "full_name": "Konštrukta T-34/100",
        "short_name": "T-34/100",
        "tier": "VII",
        "class": "Medium",
        "type": "Tech Tree",
        "price_credits": 1420000,
        "price_xp": 53650,
        "price_gold": "-",
        "restoration_credits": "-",
        "restoration_gold": "-",
        "sale_credits": 710000,
        "sale_gold ": "- "
    },
    {
        "dev_id": 3969,
        "national_id": 15,
        "letter_id": "S13",
        "full_name": "Leo",
        "short_name": "Leo",
        "tier": "VII",
        "class": "Medium",
        "type": "Tech Tree",
        "price_credits": 1350000,
        "price_xp": 53550,
        "price_gold": "-",
        "restoration_credits": "-",
        "restoration_gold": "-",
        "sale_credits": 675000,
        "sale_gold ": "- "
    },
    {
        "dev_id": 1153,
        "national_id": 4,
        "letter_id": "It09",
        "full_name": "P.43 ter",
        "short_name": "P.43 ter",
        "tier": "VII",
        "class": "Medium",
        "type": "Tech Tree",
        "price_credits": 1420000,
        "price_xp": 53370,
        "price_gold": "-",
        "restoration_credits": "-",
        "restoration_gold": "-",
        "sale_credits": 710000,
        "sale_gold ": "- "
    },
    {
        "dev_id": 9601,
        "national_id": 37,
        "letter_id": "Pl119",
        "full_name": "CS-52 LIS",
        "short_name": "CS-52 LIS",
        "tier": "VII",
        "class": "Medium",
        "type": "Collector",
        "price_credits": "-",
        "price_xp": "-",
        "price_gold": 5000,
        "restoration_credits": "-",
        "restoration_gold": 5000,
        "sale_credits": "-",
        "sale_gold ": 2500
    },
    {
        "dev_id": 9345,
        "national_id": 36,
        "letter_id": "S13",
        "full_name": "Svear",
        "short_name": "Svear",
        "tier": "VII",
        "class": "Medium",
        "type": "Collector",
        "price_credits": "-",
        "price_xp": "-",
        "price_gold": 2500,
        "restoration_credits": "-",
        "restoration_gold": 5000,
        "sale_credits": "-",
        "sale_gold ": 2500
    },
    {
        "dev_id": 17537,
        "national_id": 68,
        "letter_id": "It116",
        "full_name": "Carro d'assalto P.88",
        "short_name": "Carro d'assalto P.88",
        "tier": "VII",
        "class": "Heavy",
        "type": "Tech Tree",
        "price_credits": 1450000,
        "price_xp": 60500,
        "price_gold": "-",
        "restoration_credits": "-",
        "restoration_gold": "-",
        "sale_credits": 725000,
        "sale_gold ": "- "
    },
    {
        "dev_id": 13953,
        "national_id": 54,
        "letter_id": "Cz19",
        "full_name": "Vz. 44-1",
        "short_name": "Vz. 44-1",
        "tier": "VII",
        "class": "Heavy",
        "type": "Tech Tree",
        "price_credits": 1490000,
        "price_xp": 61800,
        "price_gold": "-",
        "restoration_credits": "-",
        "restoration_gold": "-",
        "sale_credits": 745000,
        "sale_gold ": "- "
    },
    {
        "dev_id": 8321,
        "national_id": 32,
        "letter_id": "Pl11",
        "full_name": "45TP Habicha",
        "short_name": "45TP Habicha",
        "tier": "VII",
        "class": "Heavy",
        "type": "Tech Tree",
        "price_credits": 1430000,
        "price_xp": 62150,
        "price_gold": "-",
        "restoration_credits": "-",
        "restoration_gold": "-",
        "sale_credits": 715000,
        "sale_gold ": "- "
    },
    {
        "dev_id": 9857,
        "national_id": 38,
        "letter_id": "Cz15",
        "full_name": "Škoda T 45",
        "short_name": "Škoda T 45",
        "tier": "VII",
        "class": "Heavy",
        "type": "Premium",
        "price_credits": "-",
        "price_xp": "-",
        "price_gold": 5000,
        "restoration_credits": 2000000,
        "restoration_gold": "-",
        "sale_credits": 1000000,
        "sale_gold ": "- "
    },
    {
        "dev_id": 18817,
        "national_id": 73,
        "letter_id": "Pl31",
        "full_name": "SDP 57 Gowika",
        "short_name": "SDP 57 Gowika",
        "tier": "VII",
        "class": "TD",
        "type": "Tech Tree",
        "price_credits": 1400000,
        "price_xp": 80000,
        "price_gold": "-",
        "restoration_credits": "-",
        "restoration_gold": "-",
        "sale_credits": 700000,
        "sale_gold ": "- "
    },
    {
        "dev_id": 11137,
        "national_id": 43,
        "letter_id": "It17",
        "full_name": "Semovente Controcarro mod. 1956",
        "short_name": "SMV CC-56",
        "tier": "VII",
        "class": "TD",
        "type": "Tech Tree",
        "price_credits": 1420000,
        "price_xp": 65500,
        "price_gold": "-",
        "restoration_credits": "-",
        "restoration_gold": "-",
        "sale_credits": 710000,
        "sale_gold ": "- "
    },
    {
        "dev_id": 16001,
        "national_id": 62,
        "letter_id": "Pl18",
        "full_name": "B.U.G.I.",
        "short_name": "B.U.G.I.",
        "tier": "VI",
        "class": "Medium",
        "type": "Tech Tree",
        "price_credits": 900000,
        "price_xp": 24000,
        "price_gold": "-",
        "restoration_credits": "-",
        "restoration_gold": "-",
        "sale_credits": 450000,
        "sale_gold ": "- "
    },
    {
        "dev_id": 6529,
        "national_id": 25,
        "letter_id": "Cz08",
        "full_name": "Škoda T 25",
        "short_name": "Škoda T 25",
        "tier": "VI",
        "class": "Medium",
        "type": "Tech Tree",
        "price_credits": 920000,
        "price_xp": 24500,
        "price_gold": "-",
        "restoration_credits": "-",
        "restoration_gold": "-",
        "sale_credits": 460000,
        "sale_gold ": "- "
    },
    {
        "dev_id": 3713,
        "national_id": 14,
        "letter_id": "S07",
        "full_name": "Strv 74",
        "short_name": "Strv 74",
        "tier": "VI",
        "class": "Medium",
        "type": "Tech Tree",
        "price_credits": 930500,
        "price_xp": 24350,
        "price_gold": "-",
        "restoration_credits": "-",
        "restoration_gold": "-",
        "sale_credits": 465250,
        "sale_gold ": "- "
    },
    {
        "dev_id": 1409,
        "national_id": 5,
        "letter_id": "It10",
        "full_name": "P.43 bis",
        "short_name": "P.43 bis",
        "tier": "VI",
        "class": "Medium",
        "type": "Tech Tree",
        "price_credits": 920000,
        "price_xp": 24500,
        "price_gold": "-",
        "restoration_credits": "-",
        "restoration_gold": "-",
        "sale_credits": 460000,
        "sale_gold ": "- "
    },
    {
        "dev_id": 13441,
        "national_id": 52,
        "letter_id": "Cz08",
        "full_name": "Aeonix",
        "short_name": "Aeonix",
        "tier": "VI",
        "class": "Medium",
        "type": "Collector",
        "price_credits": "-",
        "price_xp": "-",
        "price_gold": 500,
        "restoration_credits": "-",
        "restoration_gold": 1000,
        "sale_credits": "-",
        "sale_gold ": 500
    },
    {
        "dev_id": 11905,
        "national_id": 46,
        "letter_id": "It10",
        "full_name": "Shadowhunter",
        "short_name": "Shadowhunter",
        "tier": "VI",
        "class": "Medium",
        "type": "Collector",
        "price_credits": "-",
        "price_xp": "-",
        "price_gold": 500,
        "restoration_credits": "-",
        "restoration_gold": 1000,
        "sale_credits": "-",
        "sale_gold ": 500
    },
    {
        "dev_id": 8833,
        "national_id": 34,
        "letter_id": "Cz08",
        "full_name": "Spark",
        "short_name": "Spark",
        "tier": "VI",
        "class": "Medium",
        "type": "Collector",
        "price_credits": "-",
        "price_xp": "-",
        "price_gold": 500,
        "restoration_credits": "-",
        "restoration_gold": 1000,
        "sale_credits": "-",
        "sale_gold ": 500
    },
    {
        "dev_id": 7041,
        "national_id": 27,
        "letter_id": "S07",
        "full_name": "Turbo",
        "short_name": "Turbo",
        "tier": "VI",
        "class": "Medium",
        "type": "Collector",
        "price_credits": "-",
        "price_xp": "-",
        "price_gold": 500,
        "restoration_credits": "-",
        "restoration_gold": 1000,
        "sale_credits": "-",
        "sale_gold ": 500
    },
    {
        "dev_id": 5249,
        "national_id": 20,
        "letter_id": "Pl03",
        "full_name": "Pudel",
        "short_name": "Pudel",
        "tier": "VI",
        "class": "Medium",
        "type": "Collector",
        "price_credits": "-",
        "price_xp": "-",
        "price_gold": 3500,
        "restoration_credits": "-",
        "restoration_gold": 3500,
        "sale_credits": "-",
        "sale_gold ": 1750
    },
    {
        "dev_id": 4993,
        "national_id": 19,
        "letter_id": "It10",
        "full_name": "P.43/06 anniversario",
        "short_name": "P.43/06 ann.",
        "tier": "VI",
        "class": "Medium",
        "type": "Collector",
        "price_credits": "-",
        "price_xp": "-",
        "price_gold": 2500,
        "restoration_credits": "-",
        "restoration_gold": 2500,
        "sale_credits": "-",
        "sale_gold ": 1250
    },
    {
        "dev_id": 14209,
        "national_id": 55,
        "letter_id": "Cz29",
        "full_name": "Škoda P-JS",
        "short_name": "Škoda P-JS",
        "tier": "VI",
        "class": "Heavy",
        "type": "Tech Tree",
        "price_credits": 900000,
        "price_xp": 24500,
        "price_gold": "-",
        "restoration_credits": "-",
        "restoration_gold": "-",
        "sale_credits": 450000,
        "sale_gold ": "- "
    },
    {
        "dev_id": 8065,
        "national_id": 31,
        "letter_id": "Pl10",
        "full_name": "40TP Habicha",
        "short_name": "40TP Habicha",
        "tier": "VI",
        "class": "Heavy",
        "type": "Tech Tree",
        "price_credits": 900000,
        "price_xp": 26480,
        "price_gold": "-",
        "restoration_credits": "-",
        "restoration_gold": "-",
        "sale_credits": 450000,
        "sale_gold ": "- "
    },
    {
        "dev_id": 16257,
        "national_id": 63,
        "letter_id": "Cz29",
        "full_name": "Outcast",
        "short_name": "Outcast",
        "tier": "VI",
        "class": "Heavy",
        "type": "Collector",
        "price_credits": "-",
        "price_xp": "-",
        "price_gold": 500,
        "restoration_credits": "-",
        "restoration_gold": 1000,
        "sale_credits": "-",
        "sale_gold ": 500
    },
    {
        "dev_id": 18561,
        "national_id": 72,
        "letter_id": "Pl32",
        "full_name": "SDP 44 Burza",
        "short_name": "SDP 44 Burza",
        "tier": "VI",
        "class": "TD",
        "type": "Tech Tree",
        "price_credits": 910000,
        "price_xp": 25000,
        "price_gold": "-",
        "restoration_credits": "-",
        "restoration_gold": "-",
        "sale_credits": 455000,
        "sale_gold ": "- "
    },
    {
        "dev_id": 11393,
        "national_id": 44,
        "letter_id": "It16",
        "full_name": "Semovente M43 Bassotto",
        "short_name": "Bassotto",
        "tier": "VI",
        "class": "TD",
        "type": "Tech Tree",
        "price_credits": 920000,
        "price_xp": 25000,
        "price_gold": "-",
        "restoration_credits": "-",
        "restoration_gold": "-",
        "sale_credits": 460000,
        "sale_gold ": "- "
    },
    {
        "dev_id": 14465,
        "national_id": 56,
        "letter_id": "Pl17",
        "full_name": "DS PZInż",
        "short_name": "DS PZInż",
        "tier": "V",
        "class": "Medium",
        "type": "Tech Tree",
        "price_credits": 450000,
        "price_xp": 12000,
        "price_gold": "-",
        "restoration_credits": "-",
        "restoration_gold": "-",
        "sale_credits": 225000,
        "sale_gold ": "- "
    },
    {
        "dev_id": 1921,
        "national_id": 7,
        "letter_id": "S02",
        "full_name": "Strv m/42",
        "short_name": "Strv m/42",
        "tier": "V",
        "class": "Medium",
        "type": "Tech Tree",
        "price_credits": 400000,
        "price_xp": 8000,
        "price_gold": "-",
        "restoration_credits": "-",
        "restoration_gold": "-",
        "sale_credits": 200000,
        "sale_gold ": "- "
    },
    {
        "dev_id": 18305,
        "national_id": 71,
        "letter_id": "Pl33",
        "full_name": "SDP 40 Zadymka",
        "short_name": "SDP 40 Zadymka",
        "tier": "V",
        "class": "TD",
        "type": "Tech Tree",
        "price_credits": 400000,
        "price_xp": 10000,
        "price_gold": "-",
        "restoration_credits": "-",
        "restoration_gold": "-",
        "sale_credits": 200000,
        "sale_gold ": "- "
    },
    {
        "dev_id": 11649,
        "national_id": 45,
        "letter_id": "It15",
        "full_name": "Semovente M41",
        "short_name": "Semovente M41",
        "tier": "V",
        "class": "TD",
        "type": "Tech Tree",
        "price_credits": 400000,
        "price_xp": 8000,
        "price_gold": "-",
        "restoration_credits": "-",
        "restoration_gold": "-",
        "sale_credits": 200000,
        "sale_gold ": "- "
    },
    {
        "dev_id": 1665,
        "national_id": 6,
        "letter_id": "S04",
        "full_name": "Lago",
        "short_name": "Lago",
        "tier": "IV",
        "class": "Medium",
        "type": "Tech Tree",
        "price_credits": 85000,
        "price_xp": 2500,
        "price_gold": "-",
        "restoration_credits": "-",
        "restoration_gold": "-",
        "sale_credits": 42500,
        "sale_gold ": "- "
    },
    {
        "dev_id": 2177,
        "national_id": 8,
        "letter_id": "Pl07",
        "full_name": "14TP",
        "short_name": "14TP",
        "tier": "III",
        "class": "Light",
        "type": "Tech Tree",
        "price_credits": 6000,
        "price_xp": 700,
        "price_gold": "-",
        "restoration_credits": "-",
        "restoration_gold": "-",
        "sale_credits": 3000,
        "sale_gold ": "- "
    },
    {
        "dev_id": 2433,
        "national_id": 9,
        "letter_id": "Pl06",
        "full_name": "10TP",
        "short_name": "10TP",
        "tier": "II",
        "class": "Light",
        "type": "Tech Tree",
        "price_credits": 1200,
        "price_xp": 210,
        "price_gold": "-",
        "restoration_credits": "-",
        "restoration_gold": "-",
        "sale_credits": 600,
        "sale_gold ": "- "
    },
    {
        "dev_id": 2689,
        "national_id": 10,
        "letter_id": "F01",
        "full_name": "Vickers Mk. F",
        "short_name": "Vickers Mk. F",
        "tier": "I",
        "class": "Light",
        "type": "Tech Tree",
        "price_credits": 0,
        "price_xp": 0,
        "price_gold": "-",
        "restoration_credits": "-",
        "restoration_gold": "-",
        "sale_credits": 0,
        "sale_gold ": "- "
    }
]