[
    {
        "dev_id": 3649,
        "national_id": 14,
        "letter_id": "F18",
        "full_name": "Bat.-Châtillon 25 t",
        "short_name": "B-C 25 t",
        "tier": "X",
        "class": "Light",
        "type": "Tech Tree",
        "price_credits": 6100000,
        "price_xp": 200000,
        "price_gold": "-",
        "restoration_credits": "-",
        "restoration_gold": "-",
        "sale_credits": 3050000,
        "sale_gold ": "- "
    },
    {
        "dev_id": 21057,
        "national_id": 82,
        "letter_id": "F119",
        "full_name": "Projet Murat",
        "short_name": "Projet Murat",
        "tier": "X",
        "class": "Medium",
        "type": "Tech Tree",
        "price_credits": 6100000,
        "price_xp": 300000,
        "price_gold": "-",
        "restoration_credits": "-",
        "restoration_gold": "-",
        "sale_credits": 3050000,
        "sale_gold ": "- "
    },
    {
        "dev_id": 8513,
        "national_id": 33,
        "letter_id": "F72",
        "full_name": "AMX 30 B",
        "short_name": "AMX 30 B",
        "tier": "X",
        "class": "Medium",
        "type": "Collector",
        "price_credits": "-",
        "price_xp": "-",
        "price_gold": 30000,
        "restoration_credits": "-",
        "restoration_gold": 15000,
        "sale_credits": "-",
        "sale_gold ": 7500
    },
    {
        "dev_id": 6209,
        "national_id": 24,
        "letter_id": "F10",
        "full_name": "AMX 50 B",
        "short_name": "AMX 50 B",
        "tier": "X",
        "class": "Heavy",
        "type": "Tech Tree",
        "price_credits": 6100000,
        "price_xp": 212100,
        "price_gold": "-",
        "restoration_credits": "-",
        "restoration_gold": "-",
        "sale_credits": 3050000,
        "sale_gold ": "- "
    },
    {
        "dev_id": 4417,
        "national_id": 17,
        "letter_id": "F82",
        "full_name": "AMX M4 mle. 54",
        "short_name": "AMX M4 mle. 54",
        "tier": "X",
        "class": "Heavy",
        "type": "Collector",
        "price_credits": "-",
        "price_xp": "-",
        "price_gold": 15000,
        "restoration_credits": "-",
        "restoration_gold": 15000,
        "sale_credits": "-",
        "sale_gold ": 7500
    },
    {
        "dev_id": 13889,
        "national_id": 54,
        "letter_id": "F64",
        "full_name": "AMX 50 Foch (155)",
        "short_name": "Foch 155",
        "tier": "X",
        "class": "TD",
        "type": "Tech Tree",
        "price_credits": 6100000,
        "price_xp": 290000,
        "price_gold": "-",
        "restoration_credits": "-",
        "restoration_gold": "-",
        "sale_credits": 3050000,
        "sale_gold ": "- "
    },
    {
        "dev_id": 1857,
        "national_id": 7,
        "letter_id": "F75",
        "full_name": "Bat.-Châtillon 25 t AP",
        "short_name": "B-C 25 t AP",
        "tier": "IX",
        "class": "Light",
        "type": "Tech Tree",
        "price_credits": 3450000,
        "price_xp": 175100,
        "price_gold": "-",
        "restoration_credits": "-",
        "restoration_gold": "-",
        "sale_credits": 1725000,
        "sale_gold ": "- "
    },
    {
        "dev_id": 19521,
        "national_id": 76,
        "letter_id": "-",
        "full_name": "Bat.-Châtillon 25 t Avenir",
        "short_name": "B-C 25 t Avenir",
        "tier": "IX",
        "class": "Light",
        "type": "Collector",
        "price_credits": "-",
        "price_xp": "-",
        "price_gold": 10000,
        "restoration_credits": "-",
        "restoration_gold": 10000,
        "sale_credits": "-",
        "sale_gold ": 5000
    },
    {
        "dev_id": 21825,
        "national_id": 85,
        "letter_id": "F120",
        "full_name": "Projet Louis",
        "short_name": "Projet Louis",
        "tier": "IX",
        "class": "Medium",
        "type": "Tech Tree",
        "price_credits": 3520000,
        "price_xp": 135000,
        "price_gold": "-",
        "restoration_credits": "-",
        "restoration_gold": "-",
        "sale_credits": 1760000,
        "sale_gold ": "- "
    },
    {
        "dev_id": 20033,
        "national_id": 78,
        "letter_id": "F114",
        "full_name": "Char Futur 4",
        "short_name": "Char Futur 4",
        "tier": "IX",
        "class": "Medium",
        "type": "Collector",
        "price_credits": "-",
        "price_xp": "-",
        "price_gold": 10000,
        "restoration_credits": "-",
        "restoration_gold": 10000,
        "sale_credits": "-",
        "sale_gold ": 5000
    },
    {
        "dev_id": 5441,
        "national_id": 21,
        "letter_id": "F71",
        "full_name": "AMX 30 1er prototype",
        "short_name": "AMX 30 1er prot.",
        "tier": "IX",
        "class": "Medium",
        "type": "Collector",
        "price_credits": "-",
        "price_xp": "-",
        "price_gold": 10000,
        "restoration_credits": "-",
        "restoration_gold": 10000,
        "sale_credits": "-",
        "sale_gold ": 5000
    },
    {
        "dev_id": 3905,
        "national_id": 15,
        "letter_id": "F09",
        "full_name": "AMX 50 120",
        "short_name": "AMX 50 120",
        "tier": "IX",
        "class": "Heavy",
        "type": "Tech Tree",
        "price_credits": 3565000,
        "price_xp": 185000,
        "price_gold": "-",
        "restoration_credits": "-",
        "restoration_gold": "-",
        "sale_credits": 1782500,
        "sale_gold ": "- "
    },
    {
        "dev_id": 20801,
        "national_id": 81,
        "letter_id": "F115",
        "full_name": "Lorraine 50 t",
        "short_name": "Lorraine 50 t",
        "tier": "IX",
        "class": "Heavy",
        "type": "Collector",
        "price_credits": "-",
        "price_xp": "-",
        "price_gold": 10000,
        "restoration_credits": "-",
        "restoration_gold": 10000,
        "sale_credits": "-",
        "sale_gold ": 5000
    },
    {
        "dev_id": 11073,
        "national_id": 43,
        "letter_id": "F37",
        "full_name": "AMX 50 Foch",
        "short_name": "Foch",
        "tier": "IX",
        "class": "TD",
        "type": "Tech Tree",
        "price_credits": 3670000,
        "price_xp": 178250,
        "price_gold": "-",
        "restoration_credits": "-",
        "restoration_gold": "-",
        "sale_credits": 1835000,
        "sale_gold ": "- "
    },
    {
        "dev_id": 4929,
        "national_id": 19,
        "letter_id": "F17",
        "full_name": "AMX 13 90",
        "short_name": "AMX 13 90",
        "tier": "VIII",
        "class": "Light",
        "type": "Tech Tree",
        "price_credits": 2370000,
        "price_xp": 113000,
        "price_gold": "-",
        "restoration_credits": "-",
        "restoration_gold": "-",
        "sale_credits": 1185000,
        "sale_gold ": "- "
    },
    {
        "dev_id": 22081,
        "national_id": 86,
        "letter_id": "F127",
        "full_name": "ELC AMX-901",
        "short_name": "ELC AMX-901",
        "tier": "VIII",
        "class": "Light",
        "type": "Collector",
        "price_credits": "-",
        "price_xp": "-",
        "price_gold": 7500,
        "restoration_credits": "-",
        "restoration_gold": 7500,
        "sale_credits": "-",
        "sale_gold ": 3750
    },
    {
        "dev_id": 17473,
        "national_id": 68,
        "letter_id": "F69",
        "full_name": "AMX Defender",
        "short_name": "AMX Defender",
        "tier": "VIII",
        "class": "Light",
        "type": "Collector",
        "price_credits": "-",
        "price_xp": "-",
        "price_gold": 7500,
        "restoration_credits": "-",
        "restoration_gold": 7500,
        "sale_credits": "-",
        "sale_gold ": 3750
    },
    {
        "dev_id": 21569,
        "national_id": 84,
        "letter_id": "F123",
        "full_name": "ERAC 105 Proto",
        "short_name": "ERAC 105 Proto",
        "tier": "VIII",
        "class": "Medium",
        "type": "Tech Tree",
        "price_credits": 2480000,
        "price_xp": 122000,
        "price_gold": "-",
        "restoration_credits": "-",
        "restoration_gold": "-",
        "sale_credits": 1240000,
        "sale_gold ": "- "
    },
    {
        "dev_id": 63553,
        "national_id": 248,
        "letter_id": "F68",
        "full_name": "AMX Chasseur de chars",
        "short_name": "AMX CDC",
        "tier": "VIII",
        "class": "Medium",
        "type": "Premium",
        "price_credits": "-",
        "price_xp": "-",
        "price_gold": 7300,
        "restoration_credits": 2920000,
        "restoration_gold": "-",
        "sale_credits": 1460000,
        "sale_gold ": "- "
    },
    {
        "dev_id": 19777,
        "national_id": 77,
        "letter_id": "F117",
        "full_name": "AltProto AMX 30",
        "short_name": "A.P. AMX 30",
        "tier": "VIII",
        "class": "Medium",
        "type": "Premium",
        "price_credits": "-",
        "price_xp": "-",
        "price_gold": 7350,
        "restoration_credits": 2940000,
        "restoration_gold": "-",
        "sale_credits": 1470000,
        "sale_gold ": "- "
    },
    {
        "dev_id": 18497,
        "national_id": 72,
        "letter_id": "F19",
        "full_name": "Lorraine 40 t Fearless",
        "short_name": "Lorraine Fearless",
        "tier": "VIII",
        "class": "Medium",
        "type": "Premium",
        "price_credits": "-",
        "price_xp": "-",
        "price_gold": 7200,
        "restoration_credits": 2880000,
        "restoration_gold": "-",
        "sale_credits": 1440000,
        "sale_gold ": "- "
    },
    {
        "dev_id": 8001,
        "national_id": 31,
        "letter_id": "F19",
        "full_name": "Lorraine 40 t",
        "short_name": "Lorraine 40 t",
        "tier": "VIII",
        "class": "Medium",
        "type": "Premium",
        "price_credits": "-",
        "price_xp": "-",
        "price_gold": 7000,
        "restoration_credits": 2800000,
        "restoration_gold": "-",
        "sale_credits": 1400000,
        "sale_gold ": "- "
    },
    {
        "dev_id": 64065,
        "national_id": 250,
        "letter_id": "F65",
        "full_name": "FCM 50 t",
        "short_name": "FCM 50 t",
        "tier": "VIII",
        "class": "Medium",
        "type": "Collector",
        "price_credits": "-",
        "price_xp": "-",
        "price_gold": 7500,
        "restoration_credits": "-",
        "restoration_gold": 7500,
        "sale_credits": "-",
        "sale_gold ": 3750
    },
    {
        "dev_id": 18241,
        "national_id": 71,
        "letter_id": "F116",
        "full_name": "Bat.-Châtillon Bourrasque",
        "short_name": "B-C Bourrasque",
        "tier": "VIII",
        "class": "Medium",
        "type": "Collector",
        "price_credits": "-",
        "price_xp": "-",
        "price_gold": 7500,
        "restoration_credits": "-",
        "restoration_gold": 7500,
        "sale_credits": "-",
        "sale_gold ": 3750
    },
    {
        "dev_id": 16193,
        "national_id": 63,
        "letter_id": "F73",
        "full_name": "M4A1 Revalorisé",
        "short_name": "M4A1 Rev.",
        "tier": "VIII",
        "class": "Medium",
        "type": "Collector",
        "price_credits": "-",
        "price_xp": "-",
        "price_gold": 7500,
        "restoration_credits": "-",
        "restoration_gold": 7500,
        "sale_credits": "-",
        "sale_gold ": 3750
    },
    {
        "dev_id": 3137,
        "national_id": 12,
        "letter_id": "F08",
        "full_name": "AMX 50 100",
        "short_name": "AMX 50 100",
        "tier": "VIII",
        "class": "Heavy",
        "type": "Tech Tree",
        "price_credits": 2552500,
        "price_xp": 81000,
        "price_gold": "-",
        "restoration_credits": "-",
        "restoration_gold": "-",
        "sale_credits": 1276250,
        "sale_gold ": "- "
    },
    {
        "dev_id": 16705,
        "national_id": 65,
        "letter_id": "F74",
        "full_name": "AMX M4 mle. 49",
        "short_name": "AMX M4 49",
        "tier": "VIII",
        "class": "Heavy",
        "type": "Premium",
        "price_credits": "-",
        "price_xp": "-",
        "price_gold": 7500,
        "restoration_credits": 3000000,
        "restoration_gold": "-",
        "sale_credits": 1500000,
        "sale_gold ": "- "
    },
    {
        "dev_id": 22337,
        "national_id": 87,
        "letter_id": "F140",
        "full_name": "Sentinelle",
        "short_name": "Sentinelle",
        "tier": "VIII",
        "class": "Heavy",
        "type": "Collector",
        "price_credits": "-",
        "price_xp": "-",
        "price_gold": 7500,
        "restoration_credits": "-",
        "restoration_gold": 7500,
        "sale_credits": "-",
        "sale_gold ": 3750
    },
    {
        "dev_id": 17729,
        "national_id": 69,
        "letter_id": "F84",
        "full_name": "Somua SM",
        "short_name": "Somua SM",
        "tier": "VIII",
        "class": "Heavy",
        "type": "Collector",
        "price_credits": "-",
        "price_xp": "-",
        "price_gold": 7500,
        "restoration_credits": "-",
        "restoration_gold": 7500,
        "sale_credits": "-",
        "sale_gold ": 3750
    },
    {
        "dev_id": 12097,
        "national_id": 47,
        "letter_id": "F36",
        "full_name": "AMX AC mle. 48",
        "short_name": "AMX AC 48",
        "tier": "VIII",
        "class": "TD",
        "type": "Tech Tree",
        "price_credits": 2570000,
        "price_xp": 70000,
        "price_gold": "-",
        "restoration_credits": "-",
        "restoration_gold": "-",
        "sale_credits": 1285000,
        "sale_gold ": "- "
    },
    {
        "dev_id": 18753,
        "national_id": 73,
        "letter_id": "F89",
        "full_name": "AMX Canon d'assaut 105",
        "short_name": "AMX CDA 105",
        "tier": "VIII",
        "class": "TD",
        "type": "Collector",
        "price_credits": "-",
        "price_xp": "-",
        "price_gold": 7500,
        "restoration_credits": "-",
        "restoration_gold": 7500,
        "sale_credits": "-",
        "sale_gold ": 3750
    },
    {
        "dev_id": 5185,
        "national_id": 20,
        "letter_id": "F16",
        "full_name": "AMX 13 75",
        "short_name": "AMX 13 75",
        "tier": "VII",
        "class": "Light",
        "type": "Tech Tree",
        "price_credits": 1345000,
        "price_xp": 67000,
        "price_gold": "-",
        "restoration_credits": "-",
        "restoration_gold": "-",
        "sale_credits": 672500,
        "sale_gold ": "- "
    },
    {
        "dev_id": 16449,
        "national_id": 64,
        "letter_id": "F69",
        "full_name": "AMX 13 57",
        "short_name": "AMX 13 57",
        "tier": "VII",
        "class": "Light",
        "type": "Collector",
        "price_credits": "-",
        "price_xp": "-",
        "price_gold": 5000,
        "restoration_credits": "-",
        "restoration_gold": 5000,
        "sale_credits": "-",
        "sale_gold ": 2500
    },
    {
        "dev_id": 21313,
        "national_id": 83,
        "letter_id": "F126",
        "full_name": "AMX 13 M24",
        "short_name": "AMX 13 M24",
        "tier": "VII",
        "class": "Medium",
        "type": "Tech Tree",
        "price_credits": 1400000,
        "price_xp": 65800,
        "price_gold": "-",
        "restoration_credits": "-",
        "restoration_gold": "-",
        "sale_credits": 700000,
        "sale_gold ": "- "
    },
    {
        "dev_id": 6977,
        "national_id": 27,
        "letter_id": "F07",
        "full_name": "AMX M4 mle. 45",
        "short_name": "AMX M4 45",
        "tier": "VII",
        "class": "Heavy",
        "type": "Tech Tree",
        "price_credits": 1395000,
        "price_xp": 47590,
        "price_gold": "-",
        "restoration_credits": "-",
        "restoration_gold": "-",
        "sale_credits": 697500,
        "sale_gold ": "- "
    },
    {
        "dev_id": 10817,
        "national_id": 42,
        "letter_id": "F35",
        "full_name": "AMX AC mle. 46",
        "short_name": "AMX AC 46",
        "tier": "VII",
        "class": "TD",
        "type": "Tech Tree",
        "price_credits": 1350000,
        "price_xp": 58500,
        "price_gold": "-",
        "restoration_credits": "-",
        "restoration_gold": "-",
        "sale_credits": 675000,
        "sale_gold ": "- "
    },
    {
        "dev_id": 6465,
        "national_id": 25,
        "letter_id": "F15",
        "full_name": "AMX 12 t",
        "short_name": "AMX 12 t",
        "tier": "VI",
        "class": "Light",
        "type": "Tech Tree",
        "price_credits": 875000,
        "price_xp": 25000,
        "price_gold": "-",
        "restoration_credits": "-",
        "restoration_gold": "-",
        "sale_credits": 437500,
        "sale_gold ": "- "
    },
    {
        "dev_id": 19009,
        "national_id": 74,
        "letter_id": "-",
        "full_name": "AMXmas",
        "short_name": "AMXmas",
        "tier": "VI",
        "class": "Light",
        "type": "Collector",
        "price_credits": "-",
        "price_xp": "-",
        "price_gold": 500,
        "restoration_credits": "-",
        "restoration_gold": 1000,
        "sale_credits": "-",
        "sale_gold ": 500
    },
    {
        "dev_id": 17985,
        "national_id": 70,
        "letter_id": "F113",
        "full_name": "Bretagne Panther",
        "short_name": "Bretagne Panther",
        "tier": "VI",
        "class": "Medium",
        "type": "Premium",
        "price_credits": "-",
        "price_xp": "-",
        "price_gold": 2900,
        "restoration_credits": 1160000,
        "restoration_gold": "-",
        "sale_credits": 580000,
        "sale_gold ": "- "
    },
    {
        "dev_id": 2625,
        "national_id": 10,
        "letter_id": "F06",
        "full_name": "ARL 44",
        "short_name": "ARL 44",
        "tier": "VI",
        "class": "Heavy",
        "type": "Tech Tree",
        "price_credits": 925000,
        "price_xp": 25000,
        "price_gold": "-",
        "restoration_credits": "-",
        "restoration_gold": "-",
        "sale_credits": 462500,
        "sale_gold ": "- "
    },
    {
        "dev_id": 17217,
        "national_id": 67,
        "letter_id": "-",
        "full_name": "Eraser BP44",
        "short_name": "Eraser BP44",
        "tier": "VI",
        "class": "Heavy",
        "type": "Collector",
        "price_credits": "-",
        "price_xp": "-",
        "price_gold": 500,
        "restoration_credits": "-",
        "restoration_gold": 1000,
        "sale_credits": "-",
        "sale_gold ": 500
    },
    {
        "dev_id": 11585,
        "national_id": 45,
        "letter_id": "F34",
        "full_name": "ARL V39",
        "short_name": "ARL V39",
        "tier": "VI",
        "class": "TD",
        "type": "Tech Tree",
        "price_credits": 900000,
        "price_xp": 25000,
        "price_gold": "-",
        "restoration_credits": "-",
        "restoration_gold": "-",
        "sale_credits": 450000,
        "sale_gold ": "- "
    },
    {
        "dev_id": 20289,
        "national_id": 79,
        "letter_id": "F34",
        "full_name": "Pirate",
        "short_name": "Pirate",
        "tier": "VI",
        "class": "TD",
        "type": "Collector",
        "price_credits": "-",
        "price_xp": "-",
        "price_gold": 500,
        "restoration_credits": "-",
        "restoration_gold": 1000,
        "sale_credits": "-",
        "sale_gold ": 500
    },
    {
        "dev_id": 19265,
        "national_id": 75,
        "letter_id": "-",
        "full_name": "Charles",
        "short_name": "Charles",
        "tier": "VI",
        "class": "TD",
        "type": "Collector",
        "price_credits": "-",
        "price_xp": "-",
        "price_gold": 500,
        "restoration_credits": "-",
        "restoration_gold": 1000,
        "sale_credits": "-",
        "sale_gold ": 500
    },
    {
        "dev_id": 14145,
        "national_id": 55,
        "letter_id": "F62",
        "full_name": "AMX ELC bis",
        "short_name": "AMX ELC bis",
        "tier": "V",
        "class": "Light",
        "type": "Tech Tree",
        "price_credits": 400000,
        "price_xp": 10500,
        "price_gold": "-",
        "restoration_credits": "-",
        "restoration_gold": "-",
        "sale_credits": 200000,
        "sale_gold ": "- "
    },
    {
        "dev_id": 6721,
        "national_id": 26,
        "letter_id": "F05",
        "full_name": "BDR G1 B",
        "short_name": "BDR G1 B",
        "tier": "V",
        "class": "Heavy",
        "type": "Tech Tree",
        "price_credits": 400000,
        "price_xp": 10500,
        "price_gold": "-",
        "restoration_credits": "-",
        "restoration_gold": "-",
        "sale_credits": 200000,
        "sale_gold ": "- "
    },
    {
        "dev_id": 20545,
        "national_id": 80,
        "letter_id": "F11",
        "full_name": "Renault G1",
        "short_name": "Renault G1",
        "tier": "V",
        "class": "Heavy",
        "type": "Collector",
        "price_credits": "-",
        "price_xp": "-",
        "price_gold": 250,
        "restoration_credits": "-",
        "restoration_gold": 500,
        "sale_credits": "-",
        "sale_gold ": 250
    },
    {
        "dev_id": 10049,
        "national_id": 39,
        "letter_id": "F33",
        "full_name": "S35 CA",
        "short_name": "S35 CA",
        "tier": "V",
        "class": "TD",
        "type": "Tech Tree",
        "price_credits": 400000,
        "price_xp": 7000,
        "price_gold": "-",
        "restoration_credits": "-",
        "restoration_gold": "-",
        "sale_credits": 200000,
        "sale_gold ": "- "
    },
    {
        "dev_id": 2881,
        "national_id": 11,
        "letter_id": "F14",
        "full_name": "AMX 40",
        "short_name": "AMX 40",
        "tier": "IV",
        "class": "Medium",
        "type": "Collector",
        "price_credits": "-",
        "price_xp": "-",
        "price_gold": 100,
        "restoration_credits": "-",
        "restoration_gold": 200,
        "sale_credits": "-",
        "sale_gold ": 100
    },
    {
        "dev_id": 1089,
        "national_id": 4,
        "letter_id": "F04",
        "full_name": "B1",
        "short_name": "B1",
        "tier": "IV",
        "class": "Heavy",
        "type": "Tech Tree",
        "price_credits": 85000,
        "price_xp": 2500,
        "price_gold": "-",
        "restoration_credits": "-",
        "restoration_gold": "-",
        "sale_credits": 42500,
        "sale_gold ": "- "
    },
    {
        "dev_id": 9793,
        "national_id": 38,
        "letter_id": "F32",
        "full_name": "Somua SAu 40",
        "short_name": "SAu 40",
        "tier": "IV",
        "class": "TD",
        "type": "Tech Tree",
        "price_credits": 85000,
        "price_xp": 2500,
        "price_gold": "-",
        "restoration_credits": "-",
        "restoration_gold": "-",
        "sale_credits": 42500,
        "sale_gold ": "- "
    },
    {
        "dev_id": 321,
        "national_id": 1,
        "letter_id": "F03",
        "full_name": "D2",
        "short_name": "D2",
        "tier": "III",
        "class": "Heavy",
        "type": "Tech Tree",
        "price_credits": 6000,
        "price_xp": 700,
        "price_gold": "-",
        "restoration_credits": "-",
        "restoration_gold": "-",
        "sale_credits": 3000,
        "sale_gold ": "- "
    },
    {
        "dev_id": 8257,
        "national_id": 32,
        "letter_id": "F52",
        "full_name": "Renault UE 57",
        "short_name": "UE 57",
        "tier": "III",
        "class": "TD",
        "type": "Collector",
        "price_credits": "-",
        "price_xp": "-",
        "price_gold": 50,
        "restoration_credits": "-",
        "restoration_gold": 100,
        "sale_credits": "-",
        "sale_gold ": 50
    },
    {
        "dev_id": 2369,
        "national_id": 9,
        "letter_id": "F27",
        "full_name": "FCM 36 Pak 40",
        "short_name": "FCM 36 Pak 40",
        "tier": "III",
        "class": "TD",
        "type": "Collector",
        "price_credits": "-",
        "price_xp": "-",
        "price_gold": 950,
        "restoration_credits": "-",
        "restoration_gold": 1900,
        "sale_credits": "-",
        "sale_gold ": 950
    },
    {
        "dev_id": 1601,
        "national_id": 6,
        "letter_id": "F02",
        "full_name": "D1",
        "short_name": "D1",
        "tier": "II",
        "class": "Light",
        "type": "Collector",
        "price_credits": "-",
        "price_xp": "-",
        "price_gold": 25,
        "restoration_credits": "-",
        "restoration_gold": 50,
        "sale_credits": "-",
        "sale_gold ": 25
    },
    {
        "dev_id": 5953,
        "national_id": 23,
        "letter_id": "F13",
        "full_name": "AMX 38",
        "short_name": "AMX 38",
        "tier": "II",
        "class": "Medium",
        "type": "Tech Tree",
        "price_credits": 1200,
        "price_xp": 210,
        "price_gold": "-",
        "restoration_credits": "-",
        "restoration_gold": "-",
        "sale_credits": 600,
        "sale_gold ": "- "
    },
    {
        "dev_id": 7745,
        "national_id": 30,
        "letter_id": "F30",
        "full_name": "Renault FT AC",
        "short_name": "FT AC",
        "tier": "II",
        "class": "TD",
        "type": "Collector",
        "price_credits": "-",
        "price_xp": "-",
        "price_gold": 25,
        "restoration_credits": "-",
        "restoration_gold": 50,
        "sale_credits": "-",
        "sale_gold ": 25
    },
    {
        "dev_id": 577,
        "national_id": 2,
        "letter_id": "F01",
        "full_name": "Renault FT",
        "short_name": "FT",
        "tier": "I",
        "class": "Light",
        "type": "Tech Tree",
        "price_credits": 0,
        "price_xp": 0,
        "price_gold": "-",
        "restoration_credits": "-",
        "restoration_gold": "-",
        "sale_credits": 0,
        "sale_gold ": "- "
    },
    {
        "dev_id": 15937,
        "national_id": 62,
        "letter_id": "F49",
        "full_name": "Renault R35",
        "short_name": "R35",
        "tier": "I",
        "class": "Medium",
        "type": "Tech Tree",
        "price_credits": 0,
        "price_xp": 550,
        "price_gold": "-",
        "restoration_credits": "-",
        "restoration_gold": "-",
        "sale_credits": 0,
        "sale_gold ": "- "
    }
]