[
    {
        "dev_id": 28689,
        "national_id": 112,
        "letter_id": "G125",
        "full_name": "Rheinmetall Panzerwagen",
        "short_name": "Rhm. Pzw.",
        "tier": "X",
        "class": "Light",
        "type": "Tech Tree",
        "price_credits": 6500000,
        "price_xp": 330700,
        "price_gold": "-",
        "restoration_credits": "-",
        "restoration_gold": "-",
        "sale_credits": 3250000,
        "sale_gold": "- "
    },
    {
        "dev_id": 14609,
        "national_id": 57,
        "letter_id": "G89",
        "full_name": "Leopard 1",
        "short_name": "Leopard 1",
        "tier": "X",
        "class": "Medium",
        "type": "Tech Tree",
        "price_credits": 6100000,
        "price_xp": 270000,
        "price_gold": "-",
        "restoration_credits": "-",
        "restoration_gold": "-",
        "sale_credits": 3050000,
        "sale_gold": "- "
    },
    {
        "dev_id": 12305,
        "national_id": 48,
        "letter_id": "G73",
        "full_name": "E 50 Ausf. M",
        "short_name": "E 50 M",
        "tier": "X",
        "class": "Medium",
        "type": "Tech Tree",
        "price_credits": 6100000,
        "price_xp": 254000,
        "price_gold": "-",
        "restoration_credits": "-",
        "restoration_gold": "-",
        "sale_credits": 3050000,
        "sale_gold": "- "
    },
    {
        "dev_id": 23313,
        "national_id": 91,
        "letter_id": "G144",
        "full_name": "Kampfpanzer 50 t",
        "short_name": "Kpz 50 t",
        "tier": "X",
        "class": "Medium",
        "type": "Collector",
        "price_credits": "-",
        "price_xp": "-",
        "price_gold": 15000,
        "restoration_credits": "-",
        "restoration_gold": 15000,
        "sale_credits": "-",
        "sale_gold": 7500
    },
    {
        "dev_id": 58641,
        "national_id": 229,
        "letter_id": "G92",
        "full_name": "VK 72.01 (K)",
        "short_name": "VK 72.01 K",
        "tier": "X",
        "class": "Heavy",
        "type": "Tech Tree",
        "price_credits": 6100000,
        "price_xp": 245000,
        "price_gold": "-",
        "restoration_credits": "-",
        "restoration_gold": "-",
        "sale_credits": 3050000,
        "sale_gold": "- "
    },
    {
        "dev_id": 9489,
        "national_id": 37,
        "letter_id": "G56",
        "full_name": "E 100",
        "short_name": "E 100",
        "tier": "X",
        "class": "Heavy",
        "type": "Tech Tree",
        "price_credits": 6100000,
        "price_xp": 259000,
        "price_gold": "-",
        "restoration_credits": "-",
        "restoration_gold": "-",
        "sale_credits": 3050000,
        "sale_gold": "- "
    },
    {
        "dev_id": 6929,
        "national_id": 27,
        "letter_id": "G42",
        "full_name": "Maus",
        "short_name": "Maus",
        "tier": "X",
        "class": "Heavy",
        "type": "Tech Tree",
        "price_credits": 6100000,
        "price_xp": 245590,
        "price_gold": "-",
        "restoration_credits": "-",
        "restoration_gold": "-",
        "sale_credits": 3050000,
        "sale_gold": "- "
    },
    {
        "dev_id": 21777,
        "national_id": 85,
        "letter_id": "-",
        "full_name": "VK 90.01 (P)",
        "short_name": "VK 90.01 (P)",
        "tier": "X",
        "class": "Heavy",
        "type": "Collector",
        "price_credits": "-",
        "price_xp": "-",
        "price_gold": 15000,
        "restoration_credits": "-",
        "restoration_gold": 15000,
        "sale_credits": "-",
        "sale_gold": 7500
    },
    {
        "dev_id": 11281,
        "national_id": 44,
        "letter_id": "-",
        "full_name": "Kampfpanzer 70",
        "short_name": "Kpz 70",
        "tier": "X",
        "class": "Heavy",
        "type": "Collector",
        "price_credits": "-",
        "price_xp": "-",
        "price_gold": 15000,
        "restoration_credits": "-",
        "restoration_gold": 15000,
        "sale_credits": "-",
        "sale_gold": 7500
    },
    {
        "dev_id": 19217,
        "national_id": 75,
        "letter_id": "G121",
        "full_name": "Grille 15",
        "short_name": "Grille 15",
        "tier": "X",
        "class": "TD",
        "type": "Tech Tree",
        "price_credits": 6100000,
        "price_xp": 256250,
        "price_gold": "-",
        "restoration_credits": "-",
        "restoration_gold": "-",
        "sale_credits": 3050000,
        "sale_gold": "- "
    },
    {
        "dev_id": 12049,
        "national_id": 47,
        "letter_id": "G72",
        "full_name": "Jagdpanzer E 100",
        "short_name": "Jg.Pz. E 100",
        "tier": "X",
        "class": "TD",
        "type": "Tech Tree",
        "price_credits": 6100000,
        "price_xp": 271000,
        "price_gold": "-",
        "restoration_credits": "-",
        "restoration_gold": "-",
        "sale_credits": 3050000,
        "sale_gold": "- "
    },
    {
        "dev_id": 28945,
        "national_id": 113,
        "letter_id": "G98",
        "full_name": "Waffen F1.0",
        "short_name": "Waffen F1.0",
        "tier": "X",
        "class": "TD",
        "type": "Collector",
        "price_credits": "-",
        "price_xp": "-",
        "price_gold": 15000,
        "restoration_credits": "-",
        "restoration_gold": 15000,
        "sale_credits": "-",
        "sale_gold": 7500
    },
    {
        "dev_id": 28433,
        "national_id": 111,
        "letter_id": "G126",
        "full_name": "HWK 12",
        "short_name": "HWK 12",
        "tier": "IX",
        "class": "Light",
        "type": "Tech Tree",
        "price_credits": 3500000,
        "price_xp": 202500,
        "price_gold": "-",
        "restoration_credits": "-",
        "restoration_gold": "-",
        "sale_credits": 1750000,
        "sale_gold": "- "
    },
    {
        "dev_id": 28177,
        "national_id": 110,
        "letter_id": "G166",
        "full_name": "LKpz.70 K",
        "short_name": "LKpz.70 K",
        "tier": "IX",
        "class": "Light",
        "type": "Collector",
        "price_credits": "-",
        "price_xp": "-",
        "price_gold": 10000,
        "restoration_credits": "-",
        "restoration_gold": 10000,
        "sale_credits": "-",
        "sale_gold": 5000
    },
    {
        "dev_id": 14865,
        "national_id": 58,
        "letter_id": "G91",
        "full_name": "Leopard Prototyp A",
        "short_name": "Leopard PT A",
        "tier": "IX",
        "class": "Medium",
        "type": "Tech Tree",
        "price_credits": 3450000,
        "price_xp": 183000,
        "price_gold": "-",
        "restoration_credits": "-",
        "restoration_gold": "-",
        "sale_credits": 1725000,
        "sale_gold": "- "
    },
    {
        "dev_id": 10257,
        "national_id": 40,
        "letter_id": "G54",
        "full_name": "E 50",
        "short_name": "E 50",
        "tier": "IX",
        "class": "Medium",
        "type": "Tech Tree",
        "price_credits": 3450000,
        "price_xp": 161790,
        "price_gold": "-",
        "restoration_credits": "-",
        "restoration_gold": "-",
        "sale_credits": 1725000,
        "sale_gold": "- "
    },
    {
        "dev_id": 27921,
        "national_id": 109,
        "letter_id": "G165",
        "full_name": "Erich Konzept I",
        "short_name": "Erich Konzept I",
        "tier": "IX",
        "class": "Medium",
        "type": "Collector",
        "price_credits": "-",
        "price_xp": "-",
        "price_gold": 10000,
        "restoration_credits": "-",
        "restoration_gold": 10000,
        "sale_credits": "-",
        "sale_gold": 5000
    },
    {
        "dev_id": 20753,
        "national_id": 81,
        "letter_id": "G110",
        "full_name": "Mäuschen",
        "short_name": "Mäuschen",
        "tier": "IX",
        "class": "Heavy",
        "type": "Tech Tree",
        "price_credits": 3200000,
        "price_xp": 160500,
        "price_gold": "-",
        "restoration_credits": "-",
        "restoration_gold": "-",
        "sale_credits": 1600000,
        "sale_gold": "- "
    },
    {
        "dev_id": 9745,
        "national_id": 38,
        "letter_id": "G55",
        "full_name": "E 75",
        "short_name": "E 75",
        "tier": "IX",
        "class": "Heavy",
        "type": "Tech Tree",
        "price_credits": 3480000,
        "price_xp": 154000,
        "price_gold": "-",
        "restoration_credits": "-",
        "restoration_gold": "-",
        "sale_credits": 1740000,
        "sale_gold": "- "
    },
    {
        "dev_id": 7441,
        "national_id": 29,
        "letter_id": "G58",
        "full_name": "VK 45.02 (P) Ausf. B",
        "short_name": "VK 45.02 B",
        "tier": "IX",
        "class": "Heavy",
        "type": "Tech Tree",
        "price_credits": 3598000,
        "price_xp": 168720,
        "price_gold": "-",
        "restoration_credits": "-",
        "restoration_gold": "-",
        "sale_credits": 1799000,
        "sale_gold": "- "
    },
    {
        "dev_id": 29201,
        "national_id": 114,
        "letter_id": "G167",
        "full_name": "Tiger-Maus",
        "short_name": "Tiger-Maus",
        "tier": "IX",
        "class": "Heavy",
        "type": "Collector",
        "price_credits": "-",
        "price_xp": "-",
        "price_gold": 10000,
        "restoration_credits": "-",
        "restoration_gold": 10000,
        "sale_credits": "-",
        "sale_gold": 5000
    },
    {
        "dev_id": 27409,
        "national_id": 107,
        "letter_id": "G162",
        "full_name": "Projekt Kpz. 07P(E)",
        "short_name": "Projekt Kpz. 07P(E)",
        "tier": "IX",
        "class": "Heavy",
        "type": "Collector",
        "price_credits": "-",
        "price_xp": "-",
        "price_gold": 10000,
        "restoration_credits": "-",
        "restoration_gold": 10000,
        "sale_credits": "-",
        "sale_gold": 5000
    },
    {
        "dev_id": 21521,
        "national_id": 84,
        "letter_id": "-",
        "full_name": "E 75 TS",
        "short_name": "E 75 TS",
        "tier": "IX",
        "class": "Heavy",
        "type": "Collector",
        "price_credits": "-",
        "price_xp": "-",
        "price_gold": 10000,
        "restoration_credits": "-",
        "restoration_gold": 10000,
        "sale_credits": "-",
        "sale_gold": 5000
    },
    {
        "dev_id": 16401,
        "national_id": 64,
        "letter_id": "G97",
        "full_name": "Waffenträger auf Pz. IV",
        "short_name": "WT auf Pz. IV",
        "tier": "IX",
        "class": "TD",
        "type": "Tech Tree",
        "price_credits": 3400000,
        "price_xp": 163500,
        "price_gold": "-",
        "restoration_credits": "-",
        "restoration_gold": "-",
        "sale_credits": 1700000,
        "sale_gold": "- "
    },
    {
        "dev_id": 7953,
        "national_id": 31,
        "letter_id": "G44",
        "full_name": "Jagdtiger",
        "short_name": "Jagdtiger",
        "tier": "IX",
        "class": "TD",
        "type": "Tech Tree",
        "price_credits": 3450000,
        "price_xp": 160000,
        "price_gold": "-",
        "restoration_credits": "-",
        "restoration_gold": "-",
        "sale_credits": 1725000,
        "sale_gold": "- "
    },
    {
        "dev_id": 29713,
        "national_id": 116,
        "letter_id": "G168",
        "full_name": "KJPZ TIII Jäger",
        "short_name": "KJPZ TIII Jäger",
        "tier": "IX",
        "class": "TD",
        "type": "Collector",
        "price_credits": "-",
        "price_xp": "-",
        "price_gold": 10000,
        "restoration_credits": "-",
        "restoration_gold": 10000,
        "sale_credits": "-",
        "sale_gold": 5000
    },
    {
        "dev_id": 25361,
        "national_id": 99,
        "letter_id": "-",
        "full_name": "Waffenträger Ritter",
        "short_name": "WT Ritter",
        "tier": "IX",
        "class": "TD",
        "type": "Collector",
        "price_credits": "-",
        "price_xp": "-",
        "price_gold": 10000,
        "restoration_credits": "-",
        "restoration_gold": 10000,
        "sale_credits": "-",
        "sale_gold": 5000
    },
    {
        "dev_id": 18449,
        "national_id": 72,
        "letter_id": "G103",
        "full_name": "Spähpanzer Ru 251",
        "short_name": "Ru 251",
        "tier": "VIII",
        "class": "Light",
        "type": "Tech Tree",
        "price_credits": 2440000,
        "price_xp": 92700,
        "price_gold": "-",
        "restoration_credits": "-",
        "restoration_gold": "-",
        "sale_credits": 1220000,
        "sale_gold": "- "
    },
    {
        "dev_id": 25617,
        "national_id": 100,
        "letter_id": "G140",
        "full_name": "HWK 30",
        "short_name": "HWK 30",
        "tier": "VIII",
        "class": "Light",
        "type": "Premium",
        "price_credits": "-",
        "price_xp": "-",
        "price_gold": 7000,
        "restoration_credits": 2800000,
        "restoration_gold": "-",
        "sale_credits": 1400000,
        "sale_gold": "- "
    },
    {
        "dev_id": 62737,
        "national_id": 245,
        "letter_id": "G120",
        "full_name": "leKpz M 41 90 mm",
        "short_name": "leKpz M 41 90 mm",
        "tier": "VIII",
        "class": "Light",
        "type": "Collector",
        "price_credits": "-",
        "price_xp": "-",
        "price_gold": 7500,
        "restoration_credits": "-",
        "restoration_gold": 7500,
        "sale_credits": "-",
        "sale_gold": 3750
    },
    {
        "dev_id": 29457,
        "national_id": 115,
        "letter_id": "G190",
        "full_name": "VK 19.02“闪送宝”",
        "short_name": "VK 19.02“闪送宝”",
        "tier": "VIII",
        "class": "Light",
        "type": "Collector",
        "price_credits": "-",
        "price_xp": "-",
        "price_gold": 7500,
        "restoration_credits": "-",
        "restoration_gold": 7500,
        "sale_credits": "-",
        "sale_gold": 3750
    },
    {
        "dev_id": 13841,
        "national_id": 54,
        "letter_id": "G88",
        "full_name": "Indien-Panzer",
        "short_name": "Indien-Pz.",
        "tier": "VIII",
        "class": "Medium",
        "type": "Tech Tree",
        "price_credits": 2420000,
        "price_xp": 106000,
        "price_gold": "-",
        "restoration_credits": "-",
        "restoration_gold": "-",
        "sale_credits": 1210000,
        "sale_gold": "- "
    },
    {
        "dev_id": 8465,
        "national_id": 33,
        "letter_id": "G64",
        "full_name": "Panther II",
        "short_name": "Panther II",
        "tier": "VIII",
        "class": "Medium",
        "type": "Tech Tree",
        "price_credits": 2390000,
        "price_xp": 88500,
        "price_gold": "-",
        "restoration_credits": "-",
        "restoration_gold": "-",
        "sale_credits": 1195000,
        "sale_gold": "- "
    },
    {
        "dev_id": 60177,
        "national_id": 235,
        "letter_id": "G106",
        "full_name": "Panther mit 8,8 cm L/71",
        "short_name": "Panther 8,8",
        "tier": "VIII",
        "class": "Medium",
        "type": "Premium",
        "price_credits": "-",
        "price_xp": "-",
        "price_gold": 7300,
        "restoration_credits": 2920000,
        "restoration_gold": "-",
        "sale_credits": 1460000,
        "sale_gold": "- "
    },
    {
        "dev_id": 21009,
        "national_id": 82,
        "letter_id": "G119",
        "full_name": "Panzer 58",
        "short_name": "Panzer 58",
        "tier": "VIII",
        "class": "Medium",
        "type": "Premium",
        "price_credits": "-",
        "price_xp": "-",
        "price_gold": 7300,
        "restoration_credits": 2920000,
        "restoration_gold": "-",
        "sale_credits": 1460000,
        "sale_gold": "- "
    },
    {
        "dev_id": 27665,
        "national_id": 108,
        "letter_id": "G119",
        "full_name": "Schwarzpanzer 58",
        "short_name": "Schwarzpanzer 58",
        "tier": "VIII",
        "class": "Medium",
        "type": "Collector",
        "price_credits": "-",
        "price_xp": "-",
        "price_gold": 7500,
        "restoration_credits": "-",
        "restoration_gold": 7500,
        "sale_credits": "-",
        "sale_gold": 3750
    },
    {
        "dev_id": 26897,
        "national_id": 105,
        "letter_id": "G164",
        "full_name": "Kpz. Pr.68 (P)",
        "short_name": "Kpz. Pr.68 (P)",
        "tier": "VIII",
        "class": "Medium",
        "type": "Collector",
        "price_credits": "-",
        "price_xp": "-",
        "price_gold": 7500,
        "restoration_credits": "-",
        "restoration_gold": 7500,
        "sale_credits": "-",
        "sale_gold": 3750
    },
    {
        "dev_id": 26641,
        "national_id": 104,
        "letter_id": "G154",
        "full_name": "Kampfpanzer 07 RH",
        "short_name": "Kpz 07 RH",
        "tier": "VIII",
        "class": "Medium",
        "type": "Collector",
        "price_credits": "-",
        "price_xp": "-",
        "price_gold": 7500,
        "restoration_credits": "-",
        "restoration_gold": 7500,
        "sale_credits": "-",
        "sale_gold": 3750
    },
    {
        "dev_id": 24337,
        "national_id": 95,
        "letter_id": "G142",
        "full_name": "M48A2 Räumpanzer",
        "short_name": "M48A2 Räumpanzer",
        "tier": "VIII",
        "class": "Medium",
        "type": "Collector",
        "price_credits": "-",
        "price_xp": "-",
        "price_gold": 7500,
        "restoration_credits": "-",
        "restoration_gold": 7500,
        "sale_credits": "-",
        "sale_gold": 3750
    },
    {
        "dev_id": 20497,
        "national_id": 80,
        "letter_id": "G115",
        "full_name": "VK 100.01 (P)",
        "short_name": "VK 100.01 (P)",
        "tier": "VIII",
        "class": "Heavy",
        "type": "Tech Tree",
        "price_credits": 2450000,
        "price_xp": 78500,
        "price_gold": "-",
        "restoration_credits": "-",
        "restoration_gold": "-",
        "sale_credits": 1225000,
        "sale_gold": "- "
    },
    {
        "dev_id": 10513,
        "national_id": 41,
        "letter_id": "G67",
        "full_name": "VK 45.02 (P) Ausf. A",
        "short_name": "VK 45.02 A",
        "tier": "VIII",
        "class": "Heavy",
        "type": "Tech Tree",
        "price_credits": 2435000,
        "price_xp": 90000,
        "price_gold": "-",
        "restoration_credits": "-",
        "restoration_gold": "-",
        "sale_credits": 1217500,
        "sale_gold": "- "
    },
    {
        "dev_id": 5137,
        "national_id": 20,
        "letter_id": "G16",
        "full_name": "Tiger II",
        "short_name": "Tiger II",
        "tier": "VIII",
        "class": "Heavy",
        "type": "Tech Tree",
        "price_credits": 2450000,
        "price_xp": 108000,
        "price_gold": "-",
        "restoration_credits": "-",
        "restoration_gold": "-",
        "sale_credits": 1225000,
        "sale_gold": "- "
    },
    {
        "dev_id": 54289,
        "national_id": 212,
        "letter_id": "G51",
        "full_name": "Löwe",
        "short_name": "Löwe",
        "tier": "VIII",
        "class": "Heavy",
        "type": "Premium",
        "price_credits": "-",
        "price_xp": "-",
        "price_gold": 7500,
        "restoration_credits": 3000000,
        "restoration_gold": "-",
        "sale_credits": 1500000,
        "sale_gold": "- "
    },
    {
        "dev_id": 24593,
        "national_id": 96,
        "letter_id": "-",
        "full_name": "Keiler",
        "short_name": "Keiler",
        "tier": "VIII",
        "class": "Heavy",
        "type": "Collector",
        "price_credits": "-",
        "price_xp": "-",
        "price_gold": 7500,
        "restoration_credits": "-",
        "restoration_gold": 7500,
        "sale_credits": "-",
        "sale_gold": 3750
    },
    {
        "dev_id": 21265,
        "national_id": 83,
        "letter_id": "G138",
        "full_name": "VK 168.01 (P)",
        "short_name": "VK 168.01 (P)",
        "tier": "VIII",
        "class": "Heavy",
        "type": "Collector",
        "price_credits": "-",
        "price_xp": "-",
        "price_gold": 7500,
        "restoration_credits": "-",
        "restoration_gold": 7500,
        "sale_credits": "-",
        "sale_gold": 3750
    },
    {
        "dev_id": 16657,
        "national_id": 65,
        "letter_id": "G99",
        "full_name": "Rhm.-Borsig Waffenträger",
        "short_name": "Rhm.-B. WT",
        "tier": "VIII",
        "class": "TD",
        "type": "Tech Tree",
        "price_credits": 2400000,
        "price_xp": 71000,
        "price_gold": "-",
        "restoration_credits": "-",
        "restoration_gold": "-",
        "sale_credits": 1200000,
        "sale_gold": "- "
    },
    {
        "dev_id": 11537,
        "national_id": 45,
        "letter_id": "G71",
        "full_name": "Jagdpanther II",
        "short_name": "JPanther II",
        "tier": "VIII",
        "class": "TD",
        "type": "Tech Tree",
        "price_credits": 2570000,
        "price_xp": 77500,
        "price_gold": "-",
        "restoration_credits": "-",
        "restoration_gold": "-",
        "sale_credits": 1285000,
        "sale_gold": "- "
    },
    {
        "dev_id": 7697,
        "national_id": 30,
        "letter_id": "G37",
        "full_name": "Ferdinand",
        "short_name": "Ferdinand",
        "tier": "VIII",
        "class": "TD",
        "type": "Tech Tree",
        "price_credits": 2570000,
        "price_xp": 150000,
        "price_gold": "-",
        "restoration_credits": "-",
        "restoration_gold": "-",
        "sale_credits": 1285000,
        "sale_gold": "- "
    },
    {
        "dev_id": 64273,
        "national_id": 251,
        "letter_id": "G65",
        "full_name": "Snowstorm Jagdtiger 8.8",
        "short_name": "JgTig.8,8 cm (2015)",
        "tier": "VIII",
        "class": "TD",
        "type": "Premium",
        "price_credits": "-",
        "price_xp": "-",
        "price_gold": 7400,
        "restoration_credits": 2960000,
        "restoration_gold": ".",
        "sale_credits": 1480000,
        "sale_gold": "- "
    },
    {
        "dev_id": 55313,
        "national_id": 216,
        "letter_id": "G65",
        "full_name": "8,8 cm Pak 43 Jagdtiger",
        "short_name": "JgTig.8,8 cm",
        "tier": "VIII",
        "class": "TD",
        "type": "Premium",
        "price_credits": "-",
        "price_xp": "-",
        "price_gold": 7400,
        "restoration_credits": 2960000,
        "restoration_gold": "-",
        "sale_credits": 1480000,
        "sale_gold": "- "
    },
    {
        "dev_id": 25873,
        "national_id": 101,
        "letter_id": "G148",
        "full_name": "Elefant",
        "short_name": "Elefant",
        "tier": "VIII",
        "class": "TD",
        "type": "Collector",
        "price_credits": "-",
        "price_xp": "-",
        "price_gold": 7500,
        "restoration_credits": "-",
        "restoration_gold": 7500,
        "sale_credits": "-",
        "sale_gold": 3750
    },
    {
        "dev_id": 22545,
        "national_id": 88,
        "letter_id": "G112",
        "full_name": "Kanonenjagdpanzer 105",
        "short_name": "Kanonenjagdpanzer",
        "tier": "VIII",
        "class": "TD",
        "type": "Collector",
        "price_credits": "-",
        "price_xp": "-",
        "price_gold": 7500,
        "restoration_credits": "-",
        "restoration_gold": 7500,
        "sale_credits": "-",
        "sale_gold": 3750
    },
    {
        "dev_id": 19985,
        "national_id": 78,
        "letter_id": "G114",
        "full_name": "Rheinmetall Skorpion G",
        "short_name": "Skorpion G",
        "tier": "VIII",
        "class": "TD",
        "type": "Collector",
        "price_credits": "-",
        "price_xp": "-",
        "price_gold": 7500,
        "restoration_credits": "-",
        "restoration_gold": 7500,
        "sale_credits": "-",
        "sale_gold": 3750
    },
    {
        "dev_id": 18961,
        "national_id": 74,
        "letter_id": "G113",
        "full_name": "Spähpanzer SP I C",
        "short_name": "SP I C",
        "tier": "VII",
        "class": "Light",
        "type": "Tech Tree",
        "price_credits": 1360000,
        "price_xp": 50830,
        "price_gold": "-",
        "restoration_credits": "-",
        "restoration_gold": "-",
        "sale_credits": 680000,
        "sale_gold": "- "
    },
    {
        "dev_id": 27153,
        "national_id": 106,
        "letter_id": "G85",
        "full_name": "Aufklärungspanzer Panther",
        "short_name": "Aufkl. Panther",
        "tier": "VII",
        "class": "Light",
        "type": "Collector",
        "price_credits": "-",
        "price_xp": "-",
        "price_gold": 5000,
        "restoration_credits": "-",
        "restoration_gold": 5000,
        "sale_credits": "-",
        "sale_gold": 2500
    },
    {
        "dev_id": 23057,
        "national_id": 90,
        "letter_id": "G147",
        "full_name": "Kunze Panzer",
        "short_name": "Kunze Panzer",
        "tier": "VII",
        "class": "Light",
        "type": "Collector",
        "price_credits": "-",
        "price_xp": "-",
        "price_gold": 5000,
        "restoration_credits": "-",
        "restoration_gold": 5000,
        "sale_credits": "-",
        "sale_gold": 2500
    },
    {
        "dev_id": 4113,
        "national_id": 16,
        "letter_id": "G24",
        "full_name": "VK 30.02 (D)",
        "short_name": "VK 30.02 D",
        "tier": "VII",
        "class": "Medium",
        "type": "Tech Tree",
        "price_credits": 1369000,
        "price_xp": 55220,
        "price_gold": "-",
        "restoration_credits": "-",
        "restoration_gold": "-",
        "sale_credits": 684500,
        "sale_gold": "- "
    },
    {
        "dev_id": 1297,
        "national_id": 5,
        "letter_id": "G03",
        "full_name": "Panther I",
        "short_name": "Panther",
        "tier": "VII",
        "class": "Medium",
        "type": "Tech Tree",
        "price_credits": 1380000,
        "price_xp": 50500,
        "price_gold": "-",
        "restoration_credits": "-",
        "restoration_gold": "-",
        "sale_credits": 690000,
        "sale_gold": "- "
    },
    {
        "dev_id": 57617,
        "national_id": 225,
        "letter_id": "G78",
        "full_name": "Panther/M10",
        "short_name": "Panther/M10",
        "tier": "VII",
        "class": "Medium",
        "type": "Collector",
        "price_credits": "-",
        "price_xp": "-",
        "price_gold": 5000,
        "restoration_credits": "-",
        "restoration_gold": 5000,
        "sale_credits": "-",
        "sale_gold": 2500
    },
    {
        "dev_id": 10769,
        "national_id": 42,
        "letter_id": "G57",
        "full_name": "Tiger (P)",
        "short_name": "Tiger (P)",
        "tier": "VII",
        "class": "Heavy",
        "type": "Tech Tree",
        "price_credits": 1395000,
        "price_xp": 53220,
        "price_gold": "-",
        "restoration_credits": "-",
        "restoration_gold": "-",
        "sale_credits": 697500,
        "sale_gold": "- "
    },
    {
        "dev_id": 529,
        "national_id": 2,
        "letter_id": "G04",
        "full_name": "Tiger I",
        "short_name": "Tiger I",
        "tier": "VII",
        "class": "Heavy",
        "type": "Tech Tree",
        "price_credits": 1390000,
        "price_xp": 45050,
        "price_gold": "-",
        "restoration_credits": "-",
        "restoration_gold": "-",
        "sale_credits": 695000,
        "sale_gold": "- "
    },
    {
        "dev_id": 64017,
        "national_id": 250,
        "letter_id": "S01",
        "full_name": "Tankenstein",
        "short_name": "Tankenstein",
        "tier": "VII",
        "class": "Heavy",
        "type": "Collector",
        "price_credits": "-",
        "price_xp": "-",
        "price_gold": 5000,
        "restoration_credits": "-",
        "restoration_gold": 5000,
        "sale_credits": "-",
        "sale_gold": 2500
    },
    {
        "dev_id": 62993,
        "national_id": 246,
        "letter_id": "G118",
        "full_name": "VK 45.03",
        "short_name": "VK 45.03",
        "tier": "VII",
        "class": "Heavy",
        "type": "Collector",
        "price_credits": "-",
        "price_xp": "-",
        "price_gold": 5000,
        "restoration_credits": "-",
        "restoration_gold": 5000,
        "sale_credits": "-",
        "sale_gold": 2500
    },
    {
        "dev_id": 26385,
        "national_id": 103,
        "letter_id": "-",
        "full_name": "Tiger Frontline",
        "short_name": "Tiger Frontline",
        "tier": "VII",
        "class": "Heavy",
        "type": "Collector",
        "price_credits": "-",
        "price_xp": "-",
        "price_gold": 500,
        "restoration_credits": "-",
        "restoration_gold": 1000,
        "sale_credits": "-",
        "sale_gold": 500
    },
    {
        "dev_id": 11025,
        "national_id": 43,
        "letter_id": "G43",
        "full_name": "Sturer Emil",
        "short_name": "St. Emil",
        "tier": "VII",
        "class": "TD",
        "type": "Tech Tree",
        "price_credits": 1300000,
        "price_xp": 43400,
        "price_gold": "-",
        "restoration_credits": "-",
        "restoration_gold": "-",
        "sale_credits": 650000,
        "sale_gold": "- "
    },
    {
        "dev_id": 3857,
        "national_id": 15,
        "letter_id": "G18",
        "full_name": "Jagdpanther",
        "short_name": "JPanther",
        "tier": "VII",
        "class": "TD",
        "type": "Tech Tree",
        "price_credits": 1345000,
        "price_xp": 60500,
        "price_gold": "-",
        "restoration_credits": "-",
        "restoration_gold": "-",
        "sale_credits": 672500,
        "sale_gold": "- "
    },
    {
        "dev_id": 64529,
        "national_id": 252,
        "letter_id": "G48",
        "full_name": "E 25",
        "short_name": "E 25",
        "tier": "VII",
        "class": "TD",
        "type": "Premium",
        "price_credits": "-",
        "price_xp": "-",
        "price_gold": 7300,
        "restoration_credits": 2920000,
        "restoration_gold": "-",
        "sale_credits": 1460000,
        "sale_gold": "- "
    },
    {
        "dev_id": 23825,
        "national_id": 93,
        "letter_id": "G109",
        "full_name": "Krupp-Steyr Waffenträger",
        "short_name": "Steyr WT",
        "tier": "VII",
        "class": "TD",
        "type": "Collector",
        "price_credits": "-",
        "price_xp": "-",
        "price_gold": 5000,
        "restoration_credits": "-",
        "restoration_gold": 5000,
        "sale_credits": "-",
        "sale_gold": 2500
    },
    {
        "dev_id": 10001,
        "national_id": 39,
        "letter_id": "G66",
        "full_name": "VK 28.01",
        "short_name": "VK 28.01",
        "tier": "VI",
        "class": "Light",
        "type": "Tech Tree",
        "price_credits": 945000,
        "price_xp": 30000,
        "price_gold": "-",
        "restoration_credits": "-",
        "restoration_gold": "-",
        "sale_credits": 472500,
        "sale_gold": "- "
    },
    {
        "dev_id": 22033,
        "national_id": 86,
        "letter_id": "-",
        "full_name": "Agent",
        "short_name": "Agent",
        "tier": "VI",
        "class": "Light",
        "type": "Collector",
        "price_credits": "-",
        "price_xp": "-",
        "price_gold": 500,
        "restoration_credits": "-",
        "restoration_gold": 1000,
        "sale_credits": "-",
        "sale_gold": 500
    },
    {
        "dev_id": 14097,
        "national_id": 55,
        "letter_id": "G87",
        "full_name": "VK 30.01 (D)",
        "short_name": "VK 30.01 D",
        "tier": "VI",
        "class": "Medium",
        "type": "Tech Tree",
        "price_credits": 910000,
        "price_xp": 30000,
        "price_gold": "-",
        "restoration_credits": "-",
        "restoration_gold": "-",
        "sale_credits": 455000,
        "sale_gold": "- "
    },
    {
        "dev_id": 7185,
        "national_id": 28,
        "letter_id": "G27",
        "full_name": "VK 30.01 (P)",
        "short_name": "VK 30.01 P",
        "tier": "VI",
        "class": "Medium",
        "type": "Tech Tree",
        "price_credits": 920000,
        "price_xp": 25000,
        "price_gold": "-",
        "restoration_credits": "-",
        "restoration_gold": "-",
        "sale_credits": 460000,
        "sale_gold": "- "
    },
    {
        "dev_id": 57361,
        "national_id": 224,
        "letter_id": "G77",
        "full_name": "Pz.Kpfw. IV Schmalturm",
        "short_name": "Pz. IV S.",
        "tier": "VI",
        "class": "Medium",
        "type": "Premium",
        "price_credits": "-",
        "price_xp": "-",
        "price_gold": 3500,
        "restoration_credits": 1400000,
        "restoration_gold": "-",
        "sale_credits": 700000,
        "sale_gold": "- "
    },
    {
        "dev_id": 24081,
        "national_id": 94,
        "letter_id": "-",
        "full_name": "U-Panzer",
        "short_name": "U-Panzer",
        "tier": "VI",
        "class": "Medium",
        "type": "Collector",
        "price_credits": "-",
        "price_xp": "-",
        "price_gold": 500,
        "restoration_credits": "-",
        "restoration_gold": 1000,
        "sale_credits": "-",
        "sale_gold": 500
    },
    {
        "dev_id": 15889,
        "national_id": 62,
        "letter_id": "G96",
        "full_name": "VK 30.02 (M)",
        "short_name": "VK 30.02 M",
        "tier": "VI",
        "class": "Medium",
        "type": "Collector",
        "price_credits": "-",
        "price_xp": "-",
        "price_gold": 500,
        "restoration_credits": "-",
        "restoration_gold": 1000,
        "sale_credits": "-",
        "sale_gold": 500
    },
    {
        "dev_id": 2321,
        "national_id": 9,
        "letter_id": "G15",
        "full_name": "VK 36.01 (H)",
        "short_name": "VK 36.01 H",
        "tier": "VI",
        "class": "Heavy",
        "type": "Tech Tree",
        "price_credits": 935000,
        "price_xp": 25000,
        "price_gold": "-",
        "restoration_credits": "-",
        "restoration_gold": "-",
        "sale_credits": 467500,
        "sale_gold": "- "
    },
    {
        "dev_id": 25105,
        "national_id": 98,
        "letter_id": "-",
        "full_name": "Barkhan",
        "short_name": "Barkhan",
        "tier": "VI",
        "class": "Heavy",
        "type": "Collector",
        "price_credits": "-",
        "price_xp": "-",
        "price_gold": 500,
        "restoration_credits": "-",
        "restoration_gold": 1000,
        "sale_credits": "-",
        "sale_gold": 500
    },
    {
        "dev_id": 22801,
        "national_id": 89,
        "letter_id": "-",
        "full_name": "Icebreaker",
        "short_name": "Icebreaker",
        "tier": "VI",
        "class": "Heavy",
        "type": "Collector",
        "price_credits": "-",
        "price_xp": "-",
        "price_gold": 500,
        "restoration_credits": "-",
        "restoration_gold": 1000,
        "sale_credits": "-",
        "sale_gold": 500
    },
    {
        "dev_id": 22289,
        "national_id": 87,
        "letter_id": "-",
        "full_name": "Tiger I",
        "short_name": "Tiger I",
        "tier": "VI",
        "class": "Heavy",
        "type": "Collector",
        "price_credits": "-",
        "price_xp": "-",
        "price_gold": 10,
        "restoration_credits": "-",
        "restoration_gold": 20,
        "sale_credits": "-",
        "sale_gold": 10
    },
    {
        "dev_id": 19729,
        "national_id": 77,
        "letter_id": "G136",
        "full_name": "Tiger 131",
        "short_name": "Tiger 131",
        "tier": "VI",
        "class": "Heavy",
        "type": "Collector",
        "price_credits": "-",
        "price_xp": "-",
        "price_gold": 3500,
        "restoration_credits": "-",
        "restoration_gold": 3500,
        "sale_credits": "-",
        "sale_gold": 1750
    },
    {
        "dev_id": 11793,
        "national_id": 46,
        "letter_id": "G40",
        "full_name": "Nashorn",
        "short_name": "Nashorn",
        "tier": "VI",
        "class": "TD",
        "type": "Tech Tree",
        "price_credits": 905000,
        "price_xp": 25000,
        "price_gold": "-",
        "restoration_credits": "-",
        "restoration_gold": "-",
        "sale_credits": 452500,
        "sale_gold": "- "
    },
    {
        "dev_id": 1553,
        "national_id": 6,
        "letter_id": "G17",
        "full_name": "Jagdpanzer IV",
        "short_name": "Jg.Pz. IV",
        "tier": "VI",
        "class": "TD",
        "type": "Tech Tree",
        "price_credits": 910500,
        "price_xp": 35000,
        "price_gold": "-",
        "restoration_credits": "-",
        "restoration_gold": "-",
        "sale_credits": 455250,
        "sale_gold": "- "
    },
    {
        "dev_id": 57105,
        "national_id": 223,
        "letter_id": "G41",
        "full_name": "Dicker Max",
        "short_name": "Dicker Max",
        "tier": "VI",
        "class": "TD",
        "type": "Collector",
        "price_credits": "-",
        "price_xp": "-",
        "price_gold": 3500,
        "restoration_credits": "-",
        "restoration_gold": 3500,
        "sale_credits": "-",
        "sale_gold": 1750
    },
    {
        "dev_id": 26129,
        "national_id": 102,
        "letter_id": "-",
        "full_name": "Epsilon",
        "short_name": "Epsilon",
        "tier": "VI",
        "class": "TD",
        "type": "Collector",
        "price_credits": "-",
        "price_xp": "-",
        "price_gold": 500,
        "restoration_credits": "-",
        "restoration_gold": 1000,
        "sale_credits": "-",
        "sale_gold": 500
    },
    {
        "dev_id": 24849,
        "national_id": 97,
        "letter_id": "-",
        "full_name": "Kryos",
        "short_name": "Kryos",
        "tier": "VI",
        "class": "TD",
        "type": "Collector",
        "price_credits": "-",
        "price_xp": "-",
        "price_gold": 500,
        "restoration_credits": "-",
        "restoration_gold": 1000,
        "sale_credits": "-",
        "sale_gold": 500
    },
    {
        "dev_id": 5393,
        "national_id": 21,
        "letter_id": "G26",
        "full_name": "VK 16.02 Leopard",
        "short_name": "Leopard",
        "tier": "V",
        "class": "Light",
        "type": "Tech Tree",
        "price_credits": 400000,
        "price_xp": 13150,
        "price_gold": "-",
        "restoration_credits": "-",
        "restoration_gold": "-",
        "sale_credits": 200000,
        "sale_gold": "- "
    },
    {
        "dev_id": 17,
        "national_id": 0,
        "letter_id": "G79",
        "full_name": "Pz.Kpfw. IV Ausf. G",
        "short_name": "Pz. IV G",
        "tier": "V",
        "class": "Medium",
        "type": "Tech Tree",
        "price_credits": 400000,
        "price_xp": 7850,
        "price_gold": "-",
        "restoration_credits": "-",
        "restoration_gold": "-",
        "sale_credits": 200000,
        "sale_gold": "- "
    },
    {
        "dev_id": 54545,
        "national_id": 213,
        "letter_id": "G46",
        "full_name": "T-25",
        "short_name": "T-25",
        "tier": "V",
        "class": "Medium",
        "type": "Premium",
        "price_credits": "-",
        "price_xp": "-",
        "price_gold": 2100,
        "restoration_credits": 840000,
        "restoration_gold": "-",
        "sale_credits": 420000,
        "sale_gold": "- "
    },
    {
        "dev_id": 51473,
        "national_id": 201,
        "letter_id": "G32",
        "full_name": "Pz.Kpfw. V/IV",
        "short_name": "Pz. V/IV",
        "tier": "V",
        "class": "Medium",
        "type": "Premium",
        "price_credits": "-",
        "price_xp": "-",
        "price_gold": 2400,
        "restoration_credits": 960000,
        "restoration_gold": "-",
        "sale_credits": 480000,
        "sale_gold": "- "
    },
    {
        "dev_id": 19473,
        "national_id": 76,
        "letter_id": "-",
        "full_name": "Krupp-38(D)",
        "short_name": "Krupp-38(D)",
        "tier": "V",
        "class": "Medium",
        "type": "Premium",
        "price_credits": "-",
        "price_xp": "-",
        "price_gold": 2400,
        "restoration_credits": 960000,
        "restoration_gold": "-",
        "sale_credits": 480000,
        "sale_gold": "- "
    },
    {
        "dev_id": 55057,
        "national_id": 215,
        "letter_id": "G70",
        "full_name": "Pz.Kpfw. IV hydrostat.",
        "short_name": "Pz. IV hydr.",
        "tier": "V",
        "class": "Medium",
        "type": "Collector",
        "price_credits": "-",
        "price_xp": "-",
        "price_gold": 2400,
        "restoration_credits": "-",
        "restoration_gold": 4800,
        "sale_credits": "-",
        "sale_gold": 2400
    },
    {
        "dev_id": 23569,
        "national_id": 92,
        "letter_id": "-",
        "full_name": "Pz. IV Gargoyle",
        "short_name": "Pz. IV Gargoyle",
        "tier": "V",
        "class": "Medium",
        "type": "Collector",
        "price_credits": "-",
        "price_xp": "-",
        "price_gold": 250,
        "restoration_credits": "-",
        "restoration_gold": 500,
        "sale_credits": "-",
        "sale_gold": 250
    },
    {
        "dev_id": 6417,
        "national_id": 25,
        "letter_id": "G28",
        "full_name": "Pz.Kpfw. III/IV",
        "short_name": "Pz. III/IV",
        "tier": "V",
        "class": "Medium",
        "type": "Collector",
        "price_credits": "-",
        "price_xp": "-",
        "price_gold": 250,
        "restoration_credits": "-",
        "restoration_gold": 500,
        "sale_credits": "-",
        "sale_gold": 250
    },
    {
        "dev_id": 2577,
        "national_id": 10,
        "letter_id": "G13",
        "full_name": "VK 30.01 (H)",
        "short_name": "VK 30.01 H",
        "tier": "V",
        "class": "Heavy",
        "type": "Collector",
        "price_credits": "-",
        "price_xp": "-",
        "price_gold": 250,
        "restoration_credits": "-",
        "restoration_gold": 500,
        "sale_credits": "-",
        "sale_gold": 250
    },
    {
        "dev_id": 1041,
        "national_id": 4,
        "letter_id": "G05",
        "full_name": "StuG III Ausf. G",
        "short_name": "StuG III G",
        "tier": "V",
        "class": "TD",
        "type": "Tech Tree",
        "price_credits": 400000,
        "price_xp": 7000,
        "price_gold": "-",
        "restoration_credits": "-",
        "restoration_gold": "-",
        "sale_credits": 200000,
        "sale_gold": "- "
    },
    {
        "dev_id": 16145,
        "national_id": 63,
        "letter_id": "G76",
        "full_name": "Pz.Sfl. IVc",
        "short_name": "Pz.Sfl. IVc",
        "tier": "V",
        "class": "TD",
        "type": "Collector",
        "price_credits": "-",
        "price_xp": "-",
        "price_gold": 250,
        "restoration_credits": "-",
        "restoration_gold": 500,
        "sale_credits": "-",
        "sale_gold": 250
    },
    {
        "dev_id": 8209,
        "national_id": 32,
        "letter_id": "G52",
        "full_name": "Pz.Kpfw. 38 (t) n.A.",
        "short_name": "Pz. 38 nA",
        "tier": "IV",
        "class": "Light",
        "type": "Collector",
        "price_credits": "-",
        "price_xp": "-",
        "price_gold": 100,
        "restoration_credits": "-",
        "restoration_gold": 200,
        "sale_credits": "-",
        "sale_gold": 100
    },
    {
        "dev_id": 6161,
        "national_id": 24,
        "letter_id": "G25",
        "full_name": "Pz.Kpfw. II Luchs",
        "short_name": "Luchs",
        "tier": "IV",
        "class": "Light",
        "type": "Collector",
        "price_credits": "-",
        "price_xp": "-",
        "price_gold": 100,
        "restoration_credits": "-",
        "restoration_gold": 200,
        "sale_credits": "-",
        "sale_gold": 100
    },
    {
        "dev_id": 17425,
        "national_id": 68,
        "letter_id": "G80",
        "full_name": "Pz.Kpfw. IV Ausf. D",
        "short_name": "Pz. IV D",
        "tier": "IV",
        "class": "Medium",
        "type": "Tech Tree",
        "price_credits": 85000,
        "price_xp": 2500,
        "price_gold": "-",
        "restoration_credits": "-",
        "restoration_gold": "-",
        "sale_credits": 42500,
        "sale_gold": "- "
    },
    {
        "dev_id": 52241,
        "national_id": 204,
        "letter_id": "G35",
        "full_name": "Pz.Kpfw. B2 740 (f)",
        "short_name": "Pz. B2",
        "tier": "IV",
        "class": "Heavy",
        "type": "Collector",
        "price_credits": "-",
        "price_xp": "-",
        "price_gold": 1500,
        "restoration_credits": "-",
        "restoration_gold": 3000,
        "sale_credits": "-",
        "sale_gold": 1500
    },
    {
        "dev_id": 13329,
        "national_id": 52,
        "letter_id": "G90",
        "full_name": "Durchbruchswagen 2",
        "short_name": "D.W. 2",
        "tier": "IV",
        "class": "Heavy",
        "type": "Collector",
        "price_credits": "-",
        "price_xp": "-",
        "price_gold": 100,
        "restoration_credits": "-",
        "restoration_gold": 200,
        "sale_credits": "-",
        "sale_gold": 100
    },
    {
        "dev_id": 1809,
        "national_id": 7,
        "letter_id": "G09",
        "full_name": "Hetzer",
        "short_name": "Hetzer",
        "tier": "IV",
        "class": "TD",
        "type": "Tech Tree",
        "price_credits": 85000,
        "price_xp": 2500,
        "price_gold": "-",
        "restoration_credits": "-",
        "restoration_gold": "-",
        "sale_credits": 42500,
        "sale_gold": "- "
    },
    {
        "dev_id": 54801,
        "national_id": 214,
        "letter_id": "G50",
        "full_name": "T-15",
        "short_name": "T-15",
        "tier": "III",
        "class": "Light",
        "type": "Collector",
        "price_credits": "-",
        "price_xp": "-",
        "price_gold": 950,
        "restoration_credits": "-",
        "restoration_gold": 1900,
        "sale_credits": "-",
        "sale_gold": 950
    },
    {
        "dev_id": 51729,
        "national_id": 202,
        "letter_id": "G36",
        "full_name": "Pz.Kpfw. II Ausf. J",
        "short_name": "Pz. II J",
        "tier": "III",
        "class": "Light",
        "type": "Collector",
        "price_credits": "-",
        "price_xp": "-",
        "price_gold": 1000,
        "restoration_credits": "-",
        "restoration_gold": 2000,
        "sale_credits": "-",
        "sale_gold": 1000
    },
    {
        "dev_id": 13073,
        "national_id": 51,
        "letter_id": "G82",
        "full_name": "Pz.Kpfw. II Ausf. G",
        "short_name": "Pz. II G",
        "tier": "III",
        "class": "Light",
        "type": "Collector",
        "price_credits": "-",
        "price_xp": "-",
        "price_gold": 50,
        "restoration_credits": "-",
        "restoration_gold": 100,
        "sale_credits": "-",
        "sale_gold": 50
    },
    {
        "dev_id": 4881,
        "national_id": 19,
        "letter_id": "G14",
        "full_name": "Pz.Kpfw. III Ausf. A",
        "short_name": "Pz. III A",
        "tier": "III",
        "class": "Light",
        "type": "Collector",
        "price_credits": "-",
        "price_xp": "-",
        "price_gold": 50,
        "restoration_credits": "-",
        "restoration_gold": 100,
        "sale_credits": "-",
        "sale_gold": 50
    },
    {
        "dev_id": 3345,
        "national_id": 13,
        "letter_id": "G08",
        "full_name": "Pz.Kpfw. 38 (t)",
        "short_name": "Pz. 38 (t)",
        "tier": "III",
        "class": "Light",
        "type": "Collector",
        "price_credits": "-",
        "price_xp": "-",
        "price_gold": 50,
        "restoration_credits": "-",
        "restoration_gold": 100,
        "sale_credits": "-",
        "sale_gold": 50
    },
    {
        "dev_id": 4369,
        "national_id": 17,
        "letter_id": "G10",
        "full_name": "Pz.Kpfw. III",
        "short_name": "Pz. III",
        "tier": "III",
        "class": "Medium",
        "type": "Tech Tree",
        "price_credits": 6000,
        "price_xp": 700,
        "price_gold": "-",
        "restoration_credits": "-",
        "restoration_gold": "-",
        "sale_credits": 3000,
        "sale_gold": "- "
    },
    {
        "dev_id": 51985,
        "national_id": 203,
        "letter_id": "G34",
        "full_name": "Pz.Kpfw. S35 739 (f)",
        "short_name": "Pz. S35",
        "tier": "III",
        "class": "Medium",
        "type": "Collector",
        "price_credits": "-",
        "price_xp": "-",
        "price_gold": 1200,
        "restoration_credits": "-",
        "restoration_gold": 2400,
        "sale_credits": "-",
        "sale_gold": 1200
    },
    {
        "dev_id": 17169,
        "national_id": 67,
        "letter_id": "G83",
        "full_name": "Pz.Kpfw. IV Ausf. A",
        "short_name": "Pz. IV A",
        "tier": "III",
        "class": "Medium",
        "type": "Collector",
        "price_credits": "-",
        "price_xp": "-",
        "price_gold": 50,
        "restoration_credits": "-",
        "restoration_gold": 100,
        "sale_credits": "-",
        "sale_gold": 50
    },
    {
        "dev_id": 59665,
        "national_id": 233,
        "letter_id": "G100",
        "full_name": "Großtraktor - Krupp",
        "short_name": "Großtraktor",
        "tier": "III",
        "class": "Heavy",
        "type": "Collector",
        "price_credits": "-",
        "price_xp": "-",
        "price_gold": 1200,
        "restoration_credits": "-",
        "restoration_gold": 2400,
        "sale_credits": "-",
        "sale_gold": 1200
    },
    {
        "dev_id": 6673,
        "national_id": 26,
        "letter_id": "G20",
        "full_name": "Marder II",
        "short_name": "Marder II",
        "tier": "III",
        "class": "TD",
        "type": "Collector",
        "price_credits": "-",
        "price_xp": "-",
        "price_gold": 50,
        "restoration_credits": "-",
        "restoration_gold": 100,
        "sale_credits": "-",
        "sale_gold": 50
    },
    {
        "dev_id": 785,
        "national_id": 3,
        "letter_id": "G07",
        "full_name": "Pz.Kpfw. 35 (t)",
        "short_name": "Pz. 35 (t)",
        "tier": "II",
        "class": "Light",
        "type": "Tech Tree",
        "price_credits": 1200,
        "price_xp": 500,
        "price_gold": "-",
        "restoration_credits": "-",
        "restoration_gold": "-",
        "sale_credits": 600,
        "sale_gold": "- "
    },
    {
        "dev_id": 52497,
        "national_id": 205,
        "letter_id": "G33",
        "full_name": "Pz.Kpfw. 38H 735 (f)",
        "short_name": "Pz. 38H",
        "tier": "II",
        "class": "Light",
        "type": "Collector",
        "price_credits": "-",
        "price_xp": "-",
        "price_gold": 750,
        "restoration_credits": "-",
        "restoration_gold": 1500,
        "sale_credits": "-",
        "sale_gold": 750
    },
    {
        "dev_id": 3601,
        "national_id": 14,
        "letter_id": "G21",
        "full_name": "Panzerjäger I",
        "short_name": "Pz.Jäg. I",
        "tier": "II",
        "class": "TD",
        "type": "Collector",
        "price_credits": "-",
        "price_xp": "-",
        "price_gold": 25,
        "restoration_credits": "-",
        "restoration_gold": 50,
        "sale_credits": "-",
        "sale_gold": 25
    },
    {
        "dev_id": 2065,
        "national_id": 8,
        "letter_id": "G06",
        "full_name": "Pz.Kpfw. II",
        "short_name": "Pz. II",
        "tier": "I",
        "class": "Light",
        "type": "Tech Tree",
        "price_credits": 0,
        "price_xp": 430,
        "price_gold": "-",
        "restoration_credits": "-",
        "restoration_gold": "-",
        "sale_credits": 0,
        "sale_gold": "- "
    },
    {
        "dev_id": 3089,
        "national_id": 12,
        "letter_id": "G12",
        "full_name": "Leichttraktor",
        "short_name": "L.Tr.",
        "tier": "I",
        "class": "Light",
        "type": "Tech Tree",
        "price_credits": 0,
        "price_xp": 0,
        "price_gold": "-",
        "restoration_credits": "-",
        "restoration_gold": "-",
        "sale_credits": 0,
        "sale_gold": "- "
    }
]