[
    {
        "dev_id": 3681,
        "national_id": 14,
        "letter_id": "J16",
        "full_name": "STB-1",
        "short_name": "STB-1",
        "tier": "X",
        "class": "Medium",
        "type": "Tech Tree",
        "price_credits": 6100000,
        "price_xp": 318750,
        "price_gold": "-",
        "restoration_credits": "-",
        "restoration_gold": "-",
        "sale_credits": 3050000,
        "sale_gold ": "- "
    },
    {
        "dev_id": 6753,
        "national_id": 26,
        "letter_id": "J25",
        "full_name": "Type 71",
        "short_name": "Type 71",
        "tier": "X",
        "class": "Heavy",
        "type": "Tech Tree",
        "price_credits": 6100000,
        "price_xp": 240000,
        "price_gold": "-",
        "restoration_credits": "-",
        "restoration_gold": "-",
        "sale_credits": 3050000,
        "sale_gold ": "- "
    },
    {
        "dev_id": 8033,
        "national_id": 31,
        "letter_id": "J20",
        "full_name": "Type 5 Heavy",
        "short_name": "Type 5 Heavy",
        "tier": "X",
        "class": "Heavy",
        "type": "Collector",
        "price_credits": "-",
        "price_xp": "-",
        "price_gold": 15000,
        "restoration_credits": "-",
        "restoration_gold": 15000,
        "sale_credits": "-",
        "sale_gold ": 7500
    },
    {
        "dev_id": 3937,
        "national_id": 15,
        "letter_id": "J20",
        "full_name": "Ho-Ri Type III",
        "short_name": "Ho-Ri",
        "tier": "X",
        "class": "TD",
        "type": "Tech Tree",
        "price_credits": 6100000,
        "price_xp": 271000,
        "price_gold": "-",
        "restoration_credits": "-",
        "restoration_gold": "-",
        "sale_credits": 3050000,
        "sale_gold ": "- "
    },
    {
        "dev_id": 3425,
        "national_id": 13,
        "letter_id": "J14",
        "full_name": "Type 61",
        "short_name": "Type 61",
        "tier": "IX",
        "class": "Medium",
        "type": "Tech Tree",
        "price_credits": 3600000,
        "price_xp": 169000,
        "price_gold": "-",
        "restoration_credits": "-",
        "restoration_gold": "-",
        "sale_credits": 1800000,
        "sale_gold ": "- "
    },
    {
        "dev_id": 6497,
        "national_id": 25,
        "letter_id": "J26",
        "full_name": "Type 68",
        "short_name": "Type 68",
        "tier": "IX",
        "class": "Heavy",
        "type": "Tech Tree",
        "price_credits": 3640000,
        "price_xp": 154000,
        "price_gold": "-",
        "restoration_credits": "-",
        "restoration_gold": "-",
        "sale_credits": 1820000,
        "sale_gold ": "- "
    },
    {
        "dev_id": 4193,
        "national_id": 16,
        "letter_id": "J21",
        "full_name": "Ho-Ri Type II",
        "short_name": "Ho-Ri T.II",
        "tier": "IX",
        "class": "TD",
        "type": "Tech Tree",
        "price_credits": 3450000,
        "price_xp": 160000,
        "price_gold": "-",
        "restoration_credits": "-",
        "restoration_gold": "-",
        "sale_credits": 1725000,
        "sale_gold ": "- "
    },
    {
        "dev_id": 2657,
        "national_id": 10,
        "letter_id": "J13",
        "full_name": "STA-1",
        "short_name": "STA-1",
        "tier": "VIII",
        "class": "Medium",
        "type": "Tech Tree",
        "price_credits": 2550000,
        "price_xp": 111000,
        "price_gold": "-",
        "restoration_credits": "-",
        "restoration_gold": "-",
        "sale_credits": 1275000,
        "sale_gold ": "- "
    },
    {
        "dev_id": 6241,
        "national_id": 24,
        "letter_id": "J27",
        "full_name": "Chi-Se",
        "short_name": "Chi-Se",
        "tier": "VIII",
        "class": "Heavy",
        "type": "Tech Tree",
        "price_credits": 2610000,
        "price_xp": 80000,
        "price_gold": "-",
        "restoration_credits": "-",
        "restoration_gold": "-",
        "sale_credits": 1305000,
        "sale_gold ": "- "
    },
    {
        "dev_id": 7777,
        "national_id": 30,
        "letter_id": "J36",
        "full_name": "Type 63",
        "short_name": "Type 63",
        "tier": "VIII",
        "class": "Heavy",
        "type": "Collector",
        "price_credits": "-",
        "price_xp": "-",
        "price_gold": 7500,
        "restoration_credits": "-",
        "restoration_gold": 7500,
        "sale_credits": "-",
        "sale_gold ": 3750
    },
    {
        "dev_id": 7009,
        "national_id": 27,
        "letter_id": "J24",
        "full_name": "Type 57",
        "short_name": "Type 57",
        "tier": "VIII",
        "class": "Heavy",
        "type": "Collector",
        "price_credits": "-",
        "price_xp": "-",
        "price_gold": 7500,
        "restoration_credits": "-",
        "restoration_gold": 7500,
        "sale_credits": "-",
        "sale_gold ": 3750
    },
    {
        "dev_id": 4961,
        "national_id": 19,
        "letter_id": "J22",
        "full_name": "Ho-Ri Type I",
        "short_name": "Ho-Ri T.I",
        "tier": "VIII",
        "class": "TD",
        "type": "Tech Tree",
        "price_credits": 2570000,
        "price_xp": 76950,
        "price_gold": "-",
        "restoration_credits": "-",
        "restoration_gold": "-",
        "sale_credits": 1285000,
        "sale_gold ": "- "
    },
    {
        "dev_id": 8289,
        "national_id": 32,
        "letter_id": "J38",
        "full_name": "Type 95 Ji-Ro",
        "short_name": "Type 95 Ji-Ro",
        "tier": "VIII",
        "class": "TD",
        "type": "Collector",
        "price_credits": "-",
        "price_xp": "-",
        "price_gold": 7500,
        "restoration_credits": "-",
        "restoration_gold": 7500,
        "sale_credits": "-",
        "sale_gold ": 3750
    },
    {
        "dev_id": 7521,
        "national_id": 29,
        "letter_id": "J31",
        "full_name": "Type 5 Ka-Ri",
        "short_name": "Type 5 Ka-Ri",
        "tier": "VIII",
        "class": "TD",
        "type": "Collector",
        "price_credits": "-",
        "price_xp": "-",
        "price_gold": 7500,
        "restoration_credits": "-",
        "restoration_gold": 7500,
        "sale_credits": "-",
        "sale_gold ": 3750
    },
    {
        "dev_id": 1121,
        "national_id": 4,
        "letter_id": "J11",
        "full_name": "Type 5 Chi-Ri",
        "short_name": "Chi-Ri",
        "tier": "VII",
        "class": "Medium",
        "type": "Tech Tree",
        "price_credits": 1440000,
        "price_xp": 62130,
        "price_gold": "-",
        "restoration_credits": "-",
        "restoration_gold": "-",
        "sale_credits": 720000,
        "sale_gold ": "- "
    },
    {
        "dev_id": 5985,
        "national_id": 23,
        "letter_id": "J28",
        "full_name": "Ju-To",
        "short_name": "Ju-To",
        "tier": "VII",
        "class": "Heavy",
        "type": "Tech Tree",
        "price_credits": 1450300,
        "price_xp": 45000,
        "price_gold": "-",
        "restoration_credits": "-",
        "restoration_gold": "-",
        "sale_credits": 725150,
        "sale_gold ": "- "
    },
    {
        "dev_id": 4449,
        "national_id": 17,
        "letter_id": "-",
        "full_name": "IS-2 Pravda SP",
        "short_name": "IS-2 Pravda SP",
        "tier": "VII",
        "class": "Heavy",
        "type": "Collector",
        "price_credits": "-",
        "price_xp": "-",
        "price_gold": 1200,
        "restoration_credits": "-",
        "restoration_gold": 2400,
        "sale_credits": "-",
        "sale_gold ": 1200
    },
    {
        "dev_id": 5217,
        "national_id": 20,
        "letter_id": "J23",
        "full_name": "Chi-To SPG",
        "short_name": "Chi-To SPG",
        "tier": "VII",
        "class": "TD",
        "type": "Tech Tree",
        "price_credits": 1345000,
        "price_xp": 43400,
        "price_gold": "-",
        "restoration_credits": "-",
        "restoration_gold": "-",
        "sale_credits": 672500,
        "sale_gold ": "- "
    },
    {
        "dev_id": 1889,
        "national_id": 7,
        "letter_id": "J10",
        "full_name": "Type 4 Chi-To",
        "short_name": "Chi-To",
        "tier": "VI",
        "class": "Medium",
        "type": "Tech Tree",
        "price_credits": 940000,
        "price_xp": 25000,
        "price_gold": "-",
        "restoration_credits": "-",
        "restoration_gold": "-",
        "sale_credits": 470000,
        "sale_gold ": "- "
    },
    {
        "dev_id": 4705,
        "national_id": 18,
        "letter_id": "-",
        "full_name": "Firefly Saunders SP",
        "short_name": "Firefly Saunders SP",
        "tier": "VI",
        "class": "Medium",
        "type": "Collector",
        "price_credits": "-",
        "price_xp": "-",
        "price_gold": 250,
        "restoration_credits": "-",
        "restoration_gold": 500,
        "sale_credits": "-",
        "sale_gold ": 250
    },
    {
        "dev_id": 5729,
        "national_id": 22,
        "letter_id": "J29",
        "full_name": "Ju-Nu",
        "short_name": "Ju-Nu",
        "tier": "VI",
        "class": "Heavy",
        "type": "Tech Tree",
        "price_credits": 885000,
        "price_xp": 25000,
        "price_gold": "-",
        "restoration_credits": "-",
        "restoration_gold": "-",
        "sale_credits": 442500,
        "sale_gold ": "- "
    },
    {
        "dev_id": 63585,
        "national_id": 248,
        "letter_id": "G04",
        "full_name": "Tiger Kuromorimine SP",
        "short_name": "Tiger Kuromorimine SP",
        "tier": "VI",
        "class": "Heavy",
        "type": "Collector",
        "price_credits": "-",
        "price_xp": "-",
        "price_gold": 1200,
        "restoration_credits": "-",
        "restoration_gold": 2400,
        "sale_credits": "-",
        "sale_gold ": 1200
    },
    {
        "dev_id": 7265,
        "national_id": 28,
        "letter_id": "J29",
        "full_name": "Ferrum",
        "short_name": "Ferrum",
        "tier": "VI",
        "class": "Heavy",
        "type": "Collector",
        "price_credits": "-",
        "price_xp": "-",
        "price_gold": 500,
        "restoration_credits": "-",
        "restoration_gold": 1000,
        "sale_credits": "-",
        "sale_gold ": 500
    },
    {
        "dev_id": 1377,
        "national_id": 5,
        "letter_id": "J08",
        "full_name": "Type 3 Chi-Nu",
        "short_name": "Chi-Nu",
        "tier": "V",
        "class": "Medium",
        "type": "Tech Tree",
        "price_credits": 400000,
        "price_xp": 7000,
        "price_gold": "-",
        "restoration_credits": "-",
        "restoration_gold": "-",
        "sale_credits": 200000,
        "sale_gold ": "- "
    },
    {
        "dev_id": 65377,
        "national_id": 255,
        "letter_id": "J12",
        "full_name": "Type 3 Chi-Nu Kai",
        "short_name": "Chi-Nu Kai",
        "tier": "V",
        "class": "Medium",
        "type": "Premium",
        "price_credits": "-",
        "price_xp": "-",
        "price_gold": 2100,
        "restoration_credits": 840000,
        "restoration_gold": "-",
        "sale_credits": 420000,
        "sale_gold ": "- "
    },
    {
        "dev_id": 63841,
        "national_id": 249,
        "letter_id": "G81",
        "full_name": "Panzer IV Ankou Special",
        "short_name": "Pz. IV Ankou SP",
        "tier": "V",
        "class": "Medium",
        "type": "Collector",
        "price_credits": "-",
        "price_xp": "-",
        "price_gold": 1200,
        "restoration_credits": "-",
        "restoration_gold": 2400,
        "sale_credits": "-",
        "sale_gold ": 1200
    },
    {
        "dev_id": 5473,
        "national_id": 21,
        "letter_id": "J30",
        "full_name": "Mitsu 108",
        "short_name": "Mitsu 108",
        "tier": "V",
        "class": "Heavy",
        "type": "Tech Tree",
        "price_credits": 400000,
        "price_xp": 7000,
        "price_gold": "-",
        "restoration_credits": "-",
        "restoration_gold": "-",
        "sale_credits": 200000,
        "sale_gold ": "- "
    },
    {
        "dev_id": 2913,
        "national_id": 11,
        "letter_id": "J06",
        "full_name": "Type 5 Ke-Ho",
        "short_name": "Ke-Ho",
        "tier": "IV",
        "class": "Light",
        "type": "Collector",
        "price_credits": "-",
        "price_xp": "-",
        "price_gold": 100,
        "restoration_credits": "-",
        "restoration_gold": 200,
        "sale_credits": "-",
        "sale_gold ": 100
    },
    {
        "dev_id": 1633,
        "national_id": 6,
        "letter_id": "J09",
        "full_name": "Type 1 Chi-He",
        "short_name": "Chi-He",
        "tier": "IV",
        "class": "Medium",
        "type": "Tech Tree",
        "price_credits": 85000,
        "price_xp": 2500,
        "price_gold": "-",
        "restoration_credits": "-",
        "restoration_gold": "-",
        "sale_credits": 42500,
        "sale_gold ": "- "
    },
    {
        "dev_id": 52065,
        "national_id": 203,
        "letter_id": "G09",
        "full_name": "Hetzer Kamesan SP",
        "short_name": "Hetzer Kamesan SP",
        "tier": "IV",
        "class": "TD",
        "type": "Collector",
        "price_credits": "-",
        "price_xp": "-",
        "price_gold": 1200,
        "restoration_credits": "-",
        "restoration_gold": 2400,
        "sale_credits": "-",
        "sale_gold ": 1200
    },
    {
        "dev_id": 51809,
        "national_id": 202,
        "letter_id": "J05",
        "full_name": "Type 98 Ke-Ni Otsu",
        "short_name": "Ke-Ni Otsu",
        "tier": "III",
        "class": "Light",
        "type": "Premium",
        "price_credits": "-",
        "price_xp": "-",
        "price_gold": 950,
        "restoration_credits": 380000,
        "restoration_gold": "-",
        "sale_credits": 190000,
        "sale_gold ": "- "
    },
    {
        "dev_id": 2401,
        "national_id": 9,
        "letter_id": "J04",
        "full_name": "Type 98 Ke-Ni",
        "short_name": "Ke-Ni",
        "tier": "III",
        "class": "Light",
        "type": "Collector",
        "price_credits": "-",
        "price_xp": "-",
        "price_gold": 50,
        "restoration_credits": "-",
        "restoration_gold": 100,
        "sale_credits": "-",
        "sale_gold ": 50
    },
    {
        "dev_id": 2145,
        "national_id": 8,
        "letter_id": "J07",
        "full_name": "Type 97 Chi-Ha",
        "short_name": "Chi-Ha",
        "tier": "III",
        "class": "Medium",
        "type": "Tech Tree",
        "price_credits": 6000,
        "price_xp": 700,
        "price_gold": "-",
        "restoration_credits": "-",
        "restoration_gold": "-",
        "sale_credits": 3000,
        "sale_gold ": "- "
    },
    {
        "dev_id": 353,
        "national_id": 1,
        "letter_id": "J15",
        "full_name": "Chi-Ni",
        "short_name": "Chi-Ni",
        "tier": "II",
        "class": "Medium",
        "type": "Tech Tree",
        "price_credits": 1200,
        "price_xp": 210,
        "price_gold": "-",
        "restoration_credits": "-",
        "restoration_gold": "-",
        "sale_credits": 600,
        "sale_gold ": "- "
    },
    {
        "dev_id": 865,
        "national_id": 3,
        "letter_id": "J03",
        "full_name": "Type 95 Ha-Go",
        "short_name": "Ha-Go",
        "tier": "I",
        "class": "Light",
        "type": "Tech Tree",
        "price_credits": 0,
        "price_xp": 560,
        "price_gold": "-",
        "restoration_credits": "-",
        "restoration_gold": "-",
        "sale_credits": "-",
        "sale_gold ": "- "
    },
    {
        "dev_id": 609,
        "national_id": 2,
        "letter_id": "J01",
        "full_name": "Renault Otsu",
        "short_name": "R. Otsu",
        "tier": "I",
        "class": "Light",
        "type": "Tech Tree",
        "price_credits": 0,
        "price_xp": 0,
        "price_gold": "-",
        "restoration_credits": "-",
        "restoration_gold": "-",
        "sale_credits": 0,
        "sale_gold ": "- "
    }
]