[
    {
        "dev_id": 19825,
        "national_id": 77,
        "letter_id": "Oth79",
        "full_name": "AC-10 Atlas",
        "short_name": "AC Atlas",
        "tier": "X",
        "class": "Heavy",
        "type": "Tech Tree",
        "price_credits": 6500000,
        "price_xp": 290000,
        "price_gold": "-",
        "restoration_credits": "-",
        "restoration_gold": "-",
        "sale_credits": 3250000,
        "sale_gold ": "- "
    },
    {
        "dev_id": 21361,
        "national_id": 83,
        "letter_id": "Oth86",
        "full_name": "Herdbreaker",
        "short_name": "Herdbreaker",
        "tier": "IX",
        "class": "Medium",
        "type": "Collector",
        "price_credits": "-",
        "price_xp": "-",
        "price_gold": 10000,
        "restoration_credits": "-",
        "restoration_gold": 10000,
        "sale_credits": "-",
        "sale_gold ": 5000
    },
    {
        "dev_id": 20849,
        "national_id": 81,
        "letter_id": "Oth84",
        "full_name": "FVE Defender",
        "short_name": "FVE Defender",
        "tier": "IX",
        "class": "Medium",
        "type": "Collector",
        "price_credits": "-",
        "price_xp": "-",
        "price_gold": 7500,
        "restoration_credits": "-",
        "restoration_gold": 7500,
        "sale_credits": "-",
        "sale_gold ": 3750
    },
    {
        "dev_id": 18801,
        "national_id": 73,
        "letter_id": "Oth75",
        "full_name": "mau5Tank",
        "short_name": "mau5Tank",
        "tier": "IX",
        "class": "Medium",
        "type": "Collector",
        "price_credits": "-",
        "price_xp": "-",
        "price_gold": 7500,
        "restoration_credits": "-",
        "restoration_gold": 7500,
        "sale_credits": "-",
        "sale_gold ": 3750
    },
    {
        "dev_id": 12145,
        "national_id": 47,
        "letter_id": "Oth41",
        "full_name": "Glacier",
        "short_name": "Glacier",
        "tier": "IX",
        "class": "Medium",
        "type": "Collector",
        "price_credits": "-",
        "price_xp": "-",
        "price_gold": 10000,
        "restoration_credits": "-",
        "restoration_gold": 3000,
        "sale_credits": "-",
        "sale_gold ": 1500
    },
    {
        "dev_id": 3953,
        "national_id": 15,
        "letter_id": "Oth11",
        "full_name": "T 55A",
        "short_name": "T 55A",
        "tier": "IX",
        "class": "Medium",
        "type": "Collector",
        "price_credits": "-",
        "price_xp": "-",
        "price_gold": 10000,
        "restoration_credits": "-",
        "restoration_gold": 10000,
        "sale_credits": "-",
        "sale_gold ": 5000
    },
    {
        "dev_id": 20081,
        "national_id": 78,
        "letter_id": "Oth80",
        "full_name": "AC-09 Celeno",
        "short_name": "AC Celeno",
        "tier": "IX",
        "class": "Heavy",
        "type": "Tech Tree",
        "price_credits": 3600000,
        "price_xp": 165000,
        "price_gold": "-",
        "restoration_credits": "-",
        "restoration_gold": "-",
        "sale_credits": 1800000,
        "sale_gold ": "- "
    },
    {
        "dev_id": 19569,
        "national_id": 76,
        "letter_id": "Oth78",
        "full_name": "AC-09V Sterope",
        "short_name": "AC Sterope",
        "tier": "IX",
        "class": "Heavy",
        "type": "Collector",
        "price_credits": "-",
        "price_xp": "-",
        "price_gold": 10000,
        "restoration_credits": "-",
        "restoration_gold": 10000,
        "sale_credits": "-",
        "sale_gold ": 5000
    },
    {
        "dev_id": 19057,
        "national_id": 74,
        "letter_id": "Oth76",
        "full_name": "Destiny",
        "short_name": "Destiny",
        "tier": "IX",
        "class": "Heavy",
        "type": "Collector",
        "price_credits": "-",
        "price_xp": "-",
        "price_gold": 10000,
        "restoration_credits": "-",
        "restoration_gold": 3000,
        "sale_credits": "-",
        "sale_gold ": 1500
    },
    {
        "dev_id": 17009,
        "national_id": 66,
        "letter_id": "Oth68",
        "full_name": "KV-JR",
        "short_name": "KV-JR",
        "tier": "IX",
        "class": "Heavy",
        "type": "Collector",
        "price_credits": "-",
        "price_xp": "-",
        "price_gold": 10000,
        "restoration_credits": "-",
        "restoration_gold": 3000,
        "sale_credits": "-",
        "sale_gold ": 1500
    },
    {
        "dev_id": 14705,
        "national_id": 57,
        "letter_id": "Oth48",
        "full_name": "Fänrik",
        "short_name": "Fänrik",
        "tier": "IX",
        "class": "Heavy",
        "type": "Collector",
        "price_credits": "-",
        "price_xp": "-",
        "price_gold": 10000,
        "restoration_credits": "-",
        "restoration_gold": 3000,
        "sale_credits": "-",
        "sale_gold ": 1500
    },
    {
        "dev_id": 11121,
        "national_id": 43,
        "letter_id": "Oth38",
        "full_name": "Regressor",
        "short_name": "Regressor",
        "tier": "IX",
        "class": "Heavy",
        "type": "Collector",
        "price_credits": "-",
        "price_xp": "-",
        "price_gold": 10000,
        "restoration_credits": "-",
        "restoration_gold": 3000,
        "sale_credits": "-",
        "sale_gold ": 1500
    },
    {
        "dev_id": 18545,
        "national_id": 72,
        "letter_id": "Oth74",
        "full_name": "Argonaut",
        "short_name": "Argonaut",
        "tier": "IX",
        "class": "TD",
        "type": "Collector",
        "price_credits": "-",
        "price_xp": "-",
        "price_gold": 10000,
        "restoration_credits": "-",
        "restoration_gold": 3000,
        "sale_credits": "-",
        "sale_gold ": 1500
    },
    {
        "dev_id": 14449,
        "national_id": 56,
        "letter_id": "Oth47",
        "full_name": "Swindler",
        "short_name": "Swindler",
        "tier": "VIII",
        "class": "Light",
        "type": "Collector",
        "price_credits": "-",
        "price_xp": "-",
        "price_gold": 7500,
        "restoration_credits": "-",
        "restoration_gold": 2000,
        "sale_credits": "-",
        "sale_gold ": 1000
    },
    {
        "dev_id": 1905,
        "national_id": 7,
        "letter_id": "-",
        "full_name": "O-47",
        "short_name": "O-47",
        "tier": "VIII",
        "class": "Medium",
        "type": "Premium",
        "price_credits": "-",
        "price_xp": "-",
        "price_gold": 7300,
        "restoration_credits": 2920000,
        "restoration_gold": "-",
        "sale_credits": 1460000,
        "sale_gold ": "- "
    },
    {
        "dev_id": 21617,
        "national_id": 84,
        "letter_id": "Oth85",
        "full_name": "Biter",
        "short_name": "Biter",
        "tier": "VIII",
        "class": "Medium",
        "type": "Collector",
        "price_credits": "-",
        "price_xp": "-",
        "price_gold": 7500,
        "restoration_credits": "-",
        "restoration_gold": 7500,
        "sale_credits": "-",
        "sale_gold ": 3750
    },
    {
        "dev_id": 15985,
        "national_id": 62,
        "letter_id": "Oth52",
        "full_name": "Toxique",
        "short_name": "Toxique",
        "tier": "VIII",
        "class": "Medium",
        "type": "Collector",
        "price_credits": "-",
        "price_xp": "-",
        "price_gold": 7500,
        "restoration_credits": "-",
        "restoration_gold": 7500,
        "sale_credits": "-",
        "sale_gold ": 3750
    },
    {
        "dev_id": 15729,
        "national_id": 61,
        "letter_id": "Oth51",
        "full_name": "TSL-7 Defender",
        "short_name": "TSL-7 Defender",
        "tier": "VIII",
        "class": "Medium",
        "type": "Collector",
        "price_credits": "-",
        "price_xp": "-",
        "price_gold": 7500,
        "restoration_credits": "-",
        "restoration_gold": 7500,
        "sale_credits": "-",
        "sale_gold ": 3750
    },
    {
        "dev_id": 11889,
        "national_id": 46,
        "letter_id": "Oth40",
        "full_name": "Nebulon",
        "short_name": "Nebulon",
        "tier": "VIII",
        "class": "Medium",
        "type": "Collector",
        "price_credits": "-",
        "price_xp": "-",
        "price_gold": 7500,
        "restoration_credits": "-",
        "restoration_gold": 2000,
        "sale_credits": "-",
        "sale_gold ": 1000
    },
    {
        "dev_id": 10865,
        "national_id": 42,
        "letter_id": "Oth37",
        "full_name": "Fixer",
        "short_name": "Fixer",
        "tier": "VIII",
        "class": "Medium",
        "type": "Collector",
        "price_credits": "-",
        "price_xp": "-",
        "price_gold": 7500,
        "restoration_credits": "-",
        "restoration_gold": 2000,
        "sale_credits": "-",
        "sale_gold ": 1000
    },
    {
        "dev_id": 9073,
        "national_id": 35,
        "letter_id": "Oth30",
        "full_name": "Titan-54d",
        "short_name": "Titan-54d",
        "tier": "VIII",
        "class": "Medium",
        "type": "Collector",
        "price_credits": "-",
        "price_xp": "-",
        "price_gold": 7500,
        "restoration_credits": "-",
        "restoration_gold": 7500,
        "sale_credits": "-",
        "sale_gold ": 3750
    },
    {
        "dev_id": 20337,
        "national_id": 79,
        "letter_id": "Oth81",
        "full_name": "AC-08 Taygete",
        "short_name": "AC Taygete",
        "tier": "VIII",
        "class": "Heavy",
        "type": "Tech Tree",
        "price_credits": 2600000,
        "price_xp": 110000,
        "price_gold": "-",
        "restoration_credits": "-",
        "restoration_gold": "-",
        "sale_credits": 1300000,
        "sale_gold ": "- "
    },
    {
        "dev_id": 22641,
        "national_id": 88,
        "letter_id": "Oth93",
        "full_name": "Convoyer",
        "short_name": "Convoyer",
        "tier": "VIII",
        "class": "Heavy",
        "type": "Collector",
        "price_credits": "-",
        "price_xp": "-",
        "price_gold": 7500,
        "restoration_credits": "-",
        "restoration_gold": 7500,
        "sale_credits": "-",
        "sale_gold ": 3750
    },
    {
        "dev_id": 20593,
        "national_id": 80,
        "letter_id": "Oth82",
        "full_name": "AC-08V Pleione",
        "short_name": "AC Pleione",
        "tier": "VIII",
        "class": "Heavy",
        "type": "Collector",
        "price_credits": "-",
        "price_xp": "-",
        "price_gold": 3500,
        "restoration_credits": "-",
        "restoration_gold": 3500,
        "sale_credits": "-",
        "sale_gold ": 1750
    },
    {
        "dev_id": 19313,
        "national_id": 75,
        "letter_id": "Oth77",
        "full_name": "Prowler",
        "short_name": "Prowler",
        "tier": "VIII",
        "class": "Heavy",
        "type": "Collector",
        "price_credits": "-",
        "price_xp": "-",
        "price_gold": 7500,
        "restoration_credits": "-",
        "restoration_gold": 7500,
        "sale_credits": "-",
        "sale_gold ": 3750
    },
    {
        "dev_id": 18289,
        "national_id": 71,
        "letter_id": "Oth73",
        "full_name": "Quetzal",
        "short_name": "Quetzal",
        "tier": "VIII",
        "class": "Heavy",
        "type": "Collector",
        "price_credits": "-",
        "price_xp": "-",
        "price_gold": 7500,
        "restoration_credits": "-",
        "restoration_gold": 2000,
        "sale_credits": "-",
        "sale_gold ": 1000
    },
    {
        "dev_id": 17777,
        "national_id": 69,
        "letter_id": "Oth71",
        "full_name": "Titan Strife",
        "short_name": "Titan Strife",
        "tier": "VIII",
        "class": "Heavy",
        "type": "Collector",
        "price_credits": "-",
        "price_xp": "-",
        "price_gold": 7500,
        "restoration_credits": "-",
        "restoration_gold": 7500,
        "sale_credits": "-",
        "sale_gold ": 3750
    },
    {
        "dev_id": 12913,
        "national_id": 50,
        "letter_id": "Oth45",
        "full_name": "Groundtank",
        "short_name": "Groundtank",
        "tier": "VIII",
        "class": "Heavy",
        "type": "Collector",
        "price_credits": "-",
        "price_xp": "-",
        "price_gold": 7500,
        "restoration_credits": "-",
        "restoration_gold": 7500,
        "sale_credits": "-",
        "sale_gold ": 3750
    },
    {
        "dev_id": 17265,
        "national_id": 67,
        "letter_id": "Oth69",
        "full_name": "Souleater",
        "short_name": "Souleater",
        "tier": "VIII",
        "class": "TD",
        "type": "Collector",
        "price_credits": "-",
        "price_xp": "-",
        "price_gold": 7500,
        "restoration_credits": "-",
        "restoration_gold": 7500,
        "sale_credits": "-",
        "sale_gold ": 3750
    },
    {
        "dev_id": 16753,
        "national_id": 65,
        "letter_id": "Oth67",
        "full_name": "DTH-STR",
        "short_name": "DTH-STR",
        "tier": "VIII",
        "class": "TD",
        "type": "Collector",
        "price_credits": "-",
        "price_xp": "-",
        "price_gold": 7500,
        "restoration_credits": "-",
        "restoration_gold": 2000,
        "sale_credits": "-",
        "sale_gold ": 1000
    },
    {
        "dev_id": 12657,
        "national_id": 49,
        "letter_id": "Oth44",
        "full_name": "Titan Charioteer",
        "short_name": "Titan Charioteer",
        "tier": "VIII",
        "class": "TD",
        "type": "Collector",
        "price_credits": "-",
        "price_xp": "-",
        "price_gold": 7500,
        "restoration_credits": "-",
        "restoration_gold": 7500,
        "sale_credits": "-",
        "sale_gold ": 3750
    },
    {
        "dev_id": 15473,
        "national_id": 60,
        "letter_id": "Oth50",
        "full_name": "Endurance",
        "short_name": "Endurance",
        "tier": "VII",
        "class": "Light",
        "type": "Collector",
        "price_credits": "-",
        "price_xp": "-",
        "price_gold": 5000,
        "restoration_credits": "-",
        "restoration_gold": 5000,
        "sale_credits": "-",
        "sale_gold ": 2500
    },
    {
        "dev_id": 6001,
        "national_id": 23,
        "letter_id": "Oth19",
        "full_name": "Y5 ELC bis",
        "short_name": "Y5 ELC bis",
        "tier": "VII",
        "class": "Medium",
        "type": "Premium",
        "price_credits": "-",
        "price_xp": "-",
        "price_gold": 5000,
        "restoration_credits": 2000000,
        "restoration_gold": "-",
        "sale_credits": 1000000,
        "sale_gold ": "- "
    },
    {
        "dev_id": 4465,
        "national_id": 17,
        "letter_id": "Oth12",
        "full_name": "Hafen",
        "short_name": "Hafen",
        "tier": "VII",
        "class": "Medium",
        "type": "Premium",
        "price_credits": "-",
        "price_xp": "-",
        "price_gold": 4900,
        "restoration_credits": 1960000,
        "restoration_gold": "-",
        "sale_credits": 980000,
        "sale_gold ": "- "
    },
    {
        "dev_id": 881,
        "national_id": 3,
        "letter_id": "-",
        "full_name": "Edelweiss",
        "short_name": "Edelweiss",
        "tier": "VII",
        "class": "Medium",
        "type": "Premium",
        "price_credits": "-",
        "price_xp": "-",
        "price_gold": 4900,
        "restoration_credits": 1960000,
        "restoration_gold": "-",
        "sale_credits": 980000,
        "sale_gold ": "- "
    },
    {
        "dev_id": 63601,
        "national_id": 248,
        "letter_id": "-",
        "full_name": "Dracula",
        "short_name": "Dracula",
        "tier": "VII",
        "class": "Medium",
        "type": "Collector",
        "price_credits": "-",
        "price_xp": "-",
        "price_gold": 5000,
        "restoration_credits": "-",
        "restoration_gold": 5000,
        "sale_credits": "-",
        "sale_gold ": 2500
    },
    {
        "dev_id": 18033,
        "national_id": 70,
        "letter_id": "Oth72",
        "full_name": "Hazard I",
        "short_name": "Hazard I",
        "tier": "VII",
        "class": "Medium",
        "type": "Collector",
        "price_credits": "-",
        "price_xp": "-",
        "price_gold": 5000,
        "restoration_credits": "-",
        "restoration_gold": 1000,
        "sale_credits": "-",
        "sale_gold ": 500
    },
    {
        "dev_id": 14961,
        "national_id": 58,
        "letter_id": "Oth49",
        "full_name": "Mutant",
        "short_name": "Mutant",
        "tier": "VII",
        "class": "Medium",
        "type": "Collector",
        "price_credits": "-",
        "price_xp": "-",
        "price_gold": 5000,
        "restoration_credits": "-",
        "restoration_gold": 5000,
        "sale_credits": "-",
        "sale_gold ": 2500
    },
    {
        "dev_id": 11377,
        "national_id": 44,
        "letter_id": "Oth39",
        "full_name": "Basilisk",
        "short_name": "Basilisk",
        "tier": "VII",
        "class": "Medium",
        "type": "Collector",
        "price_credits": "-",
        "price_xp": "-",
        "price_gold": 5000,
        "restoration_credits": "-",
        "restoration_gold": 1000,
        "sale_credits": "-",
        "sale_gold ": 500
    },
    {
        "dev_id": 10609,
        "national_id": 41,
        "letter_id": "Oth36",
        "full_name": "Magnate",
        "short_name": "Magnate",
        "tier": "VII",
        "class": "Medium",
        "type": "Collector",
        "price_credits": "-",
        "price_xp": "-",
        "price_gold": 5000,
        "restoration_credits": "-",
        "restoration_gold": 1000,
        "sale_credits": "-",
        "sale_gold ": 500
    },
    {
        "dev_id": 6257,
        "national_id": 24,
        "letter_id": "Oth20",
        "full_name": "M4/FL10",
        "short_name": "M4/FL10",
        "tier": "VII",
        "class": "Medium",
        "type": "Collector",
        "price_credits": "-",
        "price_xp": "-",
        "price_gold": 5000,
        "restoration_credits": "-",
        "restoration_gold": 5000,
        "sale_credits": "-",
        "sale_gold ": 2500
    },
    {
        "dev_id": 13937,
        "national_id": 54,
        "letter_id": "Oth64",
        "full_name": "AC-07 Rebelde",
        "short_name": "AC Rebelde",
        "tier": "VII",
        "class": "Heavy",
        "type": "Tech Tree",
        "price_credits": 1490000,
        "price_xp": 63000,
        "price_gold": "-",
        "restoration_credits": "-",
        "restoration_gold": "-",
        "sale_credits": 745000,
        "sale_gold ": "- "
    },
    {
        "dev_id": 21105,
        "national_id": 82,
        "letter_id": "Oth83",
        "full_name": "AC-07V Merope",
        "short_name": "AC-07V Merope",
        "tier": "VII",
        "class": "Heavy",
        "type": "Collector",
        "price_credits": "-",
        "price_xp": "-",
        "price_gold": 3500,
        "restoration_credits": "-",
        "restoration_gold": 3500,
        "sale_credits": "-",
        "sale_gold ": 1750
    },
    {
        "dev_id": 17521,
        "national_id": 68,
        "letter_id": "Oth70",
        "full_name": "Lightbringer",
        "short_name": "Lightbringer",
        "tier": "VII",
        "class": "Heavy",
        "type": "Collector",
        "price_credits": "-",
        "price_xp": "-",
        "price_gold": 5000,
        "restoration_credits": "-",
        "restoration_gold": 5000,
        "sale_credits": "-",
        "sale_gold ": 2500
    },
    {
        "dev_id": 16497,
        "national_id": 64,
        "letter_id": "Oth66",
        "full_name": "E-10",
        "short_name": "E-10",
        "tier": "VII",
        "class": "Heavy",
        "type": "Collector",
        "price_credits": "-",
        "price_xp": "-",
        "price_gold": 5000,
        "restoration_credits": "-",
        "restoration_gold": 1000,
        "sale_credits": "-",
        "sale_gold ": 500
    },
    {
        "dev_id": 16241,
        "national_id": 63,
        "letter_id": "Oth53",
        "full_name": "Rammer",
        "short_name": "Rammer",
        "tier": "VII",
        "class": "Heavy",
        "type": "Collector",
        "price_credits": "-",
        "price_xp": "-",
        "price_gold": 5000,
        "restoration_credits": "-",
        "restoration_gold": 5000,
        "sale_credits": "-",
        "sale_gold ": 2500
    },
    {
        "dev_id": 11633,
        "national_id": 45,
        "letter_id": "Oth42",
        "full_name": "Forest Witch",
        "short_name": "Forest Witch",
        "tier": "VII",
        "class": "Heavy",
        "type": "Collector",
        "price_credits": "-",
        "price_xp": "-",
        "price_gold": 5000,
        "restoration_credits": "-",
        "restoration_gold": 5000,
        "sale_credits": "-",
        "sale_gold ": 2500
    },
    {
        "dev_id": 10353,
        "national_id": 40,
        "letter_id": "Oth34",
        "full_name": "Pharaoh",
        "short_name": "Pharaoh",
        "tier": "VII",
        "class": "Heavy",
        "type": "Collector",
        "price_credits": "-",
        "price_xp": "-",
        "price_gold": 5000,
        "restoration_credits": "-",
        "restoration_gold": 5000,
        "sale_credits": "-",
        "sale_gold ": 2500
    },
    {
        "dev_id": 8305,
        "national_id": 32,
        "letter_id": "Oth28",
        "full_name": "Titan H-Nd",
        "short_name": "Titan H-Nd",
        "tier": "VII",
        "class": "Heavy",
        "type": "Collector",
        "price_credits": "-",
        "price_xp": "-",
        "price_gold": 5000,
        "restoration_credits": "-",
        "restoration_gold": 5000,
        "sale_credits": "-",
        "sale_gold ": 2500
    },
    {
        "dev_id": 7793,
        "national_id": 30,
        "letter_id": "Oth25",
        "full_name": "Annihilator",
        "short_name": "Annihilator",
        "tier": "VII",
        "class": "Heavy",
        "type": "Collector",
        "price_credits": "-",
        "price_xp": "-",
        "price_gold": 5000,
        "restoration_credits": "-",
        "restoration_gold": 5000,
        "sale_credits": "-",
        "sale_gold ": 2500
    },
    {
        "dev_id": 7281,
        "national_id": 28,
        "letter_id": "Oth23",
        "full_name": "Lycan",
        "short_name": "Lycan",
        "tier": "VII",
        "class": "Heavy",
        "type": "Collector",
        "price_credits": "-",
        "price_xp": "-",
        "price_gold": 5000,
        "restoration_credits": "-",
        "restoration_gold": 5000,
        "sale_credits": "-",
        "sale_gold ": 2500
    },
    {
        "dev_id": 7025,
        "national_id": 27,
        "letter_id": "Oth22",
        "full_name": "Vulcan",
        "short_name": "Vulcan",
        "tier": "VII",
        "class": "Heavy",
        "type": "Collector",
        "price_credits": "-",
        "price_xp": "-",
        "price_gold": 5000,
        "restoration_credits": "-",
        "restoration_gold": 5000,
        "sale_credits": "-",
        "sale_gold ": 2500
    },
    {
        "dev_id": 5233,
        "national_id": 20,
        "letter_id": "Oth16",
        "full_name": "Smasher",
        "short_name": "Smasher",
        "tier": "VII",
        "class": "Heavy",
        "type": "Collector",
        "price_credits": "-",
        "price_xp": "-",
        "price_gold": 5600,
        "restoration_credits": "-",
        "restoration_gold": 5000,
        "sale_credits": "-",
        "sale_gold ": 2500
    },
    {
        "dev_id": 4721,
        "national_id": 18,
        "letter_id": "Oth14",
        "full_name": "Gravedigger",
        "short_name": "Gravedigger",
        "tier": "VII",
        "class": "Heavy",
        "type": "Collector",
        "price_credits": "-",
        "price_xp": "-",
        "price_gold": 2500,
        "restoration_credits": "-",
        "restoration_gold": 5000,
        "sale_credits": "-",
        "sale_gold ": 2500
    },
    {
        "dev_id": 3697,
        "national_id": 14,
        "letter_id": "Oth06",
        "full_name": "Lupus",
        "short_name": "Lupus",
        "tier": "VII",
        "class": "Heavy",
        "type": "Collector",
        "price_credits": "-",
        "price_xp": "-",
        "price_gold": 5000,
        "restoration_credits": "-",
        "restoration_gold": 5000,
        "sale_credits": "-",
        "sale_gold ": 2500
    },
    {
        "dev_id": 1393,
        "national_id": 5,
        "letter_id": "-",
        "full_name": "Nameless",
        "short_name": "Nameless",
        "tier": "VII",
        "class": "Heavy",
        "type": "Collector",
        "price_credits": "-",
        "price_xp": "-",
        "price_gold": 5000,
        "restoration_credits": "-",
        "restoration_gold": 5000,
        "sale_credits": "-",
        "sale_gold ": 2500
    },
    {
        "dev_id": 1137,
        "national_id": 4,
        "letter_id": "Oth09",
        "full_name": "Predator Ultramarines",
        "short_name": "Predator UM",
        "tier": "VII",
        "class": "Heavy",
        "type": "Collector",
        "price_credits": "-",
        "price_xp": "-",
        "price_gold": 5000,
        "restoration_credits": "-",
        "restoration_gold": 5000,
        "sale_credits": "-",
        "sale_gold ": 2500
    },
    {
        "dev_id": 2161,
        "national_id": 8,
        "letter_id": "-",
        "full_name": "WZ 135G FT Blaze",
        "short_name": "WZ Blaze",
        "tier": "VII",
        "class": "TD",
        "type": "Premium",
        "price_credits": "-",
        "price_xp": "-",
        "price_gold": 5000,
        "restoration_credits": 2000000,
        "restoration_gold": "-",
        "sale_credits": 1000000,
        "sale_gold ": "- "
    },
    {
        "dev_id": 1649,
        "national_id": 6,
        "letter_id": "-",
        "full_name": "Helsing",
        "short_name": "Helsing",
        "tier": "VII",
        "class": "TD",
        "type": "Premium",
        "price_credits": "-",
        "price_xp": "-",
        "price_gold": 4900,
        "restoration_credits": 1960000,
        "restoration_gold": "-",
        "sale_credits": 980000,
        "sale_gold ": "- "
    },
    {
        "dev_id": 14193,
        "national_id": 55,
        "letter_id": "Oth46",
        "full_name": "Silencer",
        "short_name": "Silencer",
        "tier": "VII",
        "class": "TD",
        "type": "Collector",
        "price_credits": "-",
        "price_xp": "-",
        "price_gold": 5000,
        "restoration_credits": "-",
        "restoration_gold": 1000,
        "sale_credits": "-",
        "sale_gold ": 500
    },
    {
        "dev_id": 113,
        "national_id": 0,
        "letter_id": "Oth08",
        "full_name": "Vindicator Ultramarines",
        "short_name": "Vindicator UM",
        "tier": "VII",
        "class": "TD",
        "type": "Collector",
        "price_credits": "-",
        "price_xp": "-",
        "price_gold": 5000,
        "restoration_credits": "-",
        "restoration_gold": 5000,
        "sale_credits": "-",
        "sale_gold ": 2500
    },
    {
        "dev_id": 9841,
        "national_id": 38,
        "letter_id": "Oth33",
        "full_name": "Rover",
        "short_name": "Rover",
        "tier": "VI",
        "class": "Light",
        "type": "Collector",
        "price_credits": "-",
        "price_xp": "-",
        "price_gold": 500,
        "restoration_credits": "-",
        "restoration_gold": 1000,
        "sale_credits": "-",
        "sale_gold ": 500
    },
    {
        "dev_id": 8561,
        "national_id": 33,
        "letter_id": "Oth27",
        "full_name": "Titan T24 57",
        "short_name": "Titan T24 57",
        "tier": "VI",
        "class": "Light",
        "type": "Collector",
        "price_credits": "-",
        "price_xp": "-",
        "price_gold": 500,
        "restoration_credits": "-",
        "restoration_gold": 1000,
        "sale_credits": "-",
        "sale_gold ": 500
    },
    {
        "dev_id": 5745,
        "national_id": 22,
        "letter_id": "Oth18",
        "full_name": "Y5 Firefly",
        "short_name": "Y5 Firefly",
        "tier": "VI",
        "class": "Medium",
        "type": "Premium",
        "price_credits": "-",
        "price_xp": "-",
        "price_gold": 3500,
        "restoration_credits": 1400000,
        "restoration_gold": "-",
        "sale_credits": 700000,
        "sale_gold ": "- "
    },
    {
        "dev_id": 625,
        "national_id": 2,
        "letter_id": "-",
        "full_name": "Stridsvagn 74A2",
        "short_name": "Strv 74A2",
        "tier": "VI",
        "class": "Medium",
        "type": "Premium",
        "price_credits": "-",
        "price_xp": "-",
        "price_gold": 3000,
        "restoration_credits": 1200000,
        "restoration_gold": "-",
        "sale_credits": 600000,
        "sale_gold ": "- "
    },
    {
        "dev_id": 13681,
        "national_id": 53,
        "letter_id": "Oth63",
        "full_name": "AC-06 Ocelote",
        "short_name": "AC Ocelote",
        "tier": "VI",
        "class": "Heavy",
        "type": "Tech Tree",
        "price_credits": 900000,
        "price_xp": 25000,
        "price_gold": "-",
        "restoration_credits": "-",
        "restoration_gold": "-",
        "sale_credits": 450000,
        "sale_gold ": "- "
    },
    {
        "dev_id": 15217,
        "national_id": 59,
        "letter_id": "Oth65",
        "full_name": "AC-06V Forger",
        "short_name": "AC Forger",
        "tier": "VI",
        "class": "Heavy",
        "type": "Premium",
        "price_credits": "-",
        "price_xp": "-",
        "price_gold": 5000,
        "restoration_credits": 2000000,
        "restoration_gold": "-",
        "sale_credits": 1000000,
        "sale_gold ": "- "
    },
    {
        "dev_id": 9329,
        "national_id": 36,
        "letter_id": "Oth31",
        "full_name": "Titan-150",
        "short_name": "Titan-150",
        "tier": "VI",
        "class": "Heavy",
        "type": "Collector",
        "price_credits": "-",
        "price_xp": "-",
        "price_gold": 500,
        "restoration_credits": "-",
        "restoration_gold": 1000,
        "sale_credits": "-",
        "sale_gold ": 500
    },
    {
        "dev_id": 8817,
        "national_id": 34,
        "letter_id": "Oth29",
        "full_name": "Titan Mk. I",
        "short_name": "Titan Mk. I",
        "tier": "V",
        "class": "Light",
        "type": "Collector",
        "price_credits": "-",
        "price_xp": "-",
        "price_gold": 250,
        "restoration_credits": "-",
        "restoration_gold": 500,
        "sale_credits": "-",
        "sale_gold ": 250
    },
    {
        "dev_id": 5489,
        "national_id": 21,
        "letter_id": "Oth17",
        "full_name": "Y5 T-34",
        "short_name": "Y5 T-34",
        "tier": "V",
        "class": "Medium",
        "type": "Premium",
        "price_credits": "-",
        "price_xp": "-",
        "price_gold": 2500,
        "restoration_credits": 1000000,
        "restoration_gold": "-",
        "sale_credits": 500000,
        "sale_gold ": "- "
    },
    {
        "dev_id": 8049,
        "national_id": 31,
        "letter_id": "Oth26",
        "full_name": "Spike",
        "short_name": "Spike",
        "tier": "V",
        "class": "Medium",
        "type": "Collector",
        "price_credits": "-",
        "price_xp": "-",
        "price_gold": 250,
        "restoration_credits": "-",
        "restoration_gold": 500,
        "sale_credits": "-",
        "sale_gold ": 250
    },
    {
        "dev_id": 4977,
        "national_id": 19,
        "letter_id": "Oth15",
        "full_name": "Scavenger",
        "short_name": "Scavenger",
        "tier": "V",
        "class": "Medium",
        "type": "Collector",
        "price_credits": "-",
        "price_xp": "-",
        "price_gold": 250,
        "restoration_credits": "-",
        "restoration_gold": 500,
        "sale_credits": "-",
        "sale_gold ": 250
    },
    {
        "dev_id": 13425,
        "national_id": 52,
        "letter_id": "Oth62",
        "full_name": "AC-05 Highlander",
        "short_name": "AC Highlander",
        "tier": "V",
        "class": "Heavy",
        "type": "Tech Tree",
        "price_credits": 400000,
        "price_xp": 10000,
        "price_gold": "-",
        "restoration_credits": "-",
        "restoration_gold": "-",
        "sale_credits": 200000,
        "sale_gold ": "- "
    },
    {
        "dev_id": 10097,
        "national_id": 39,
        "letter_id": "Oth35",
        "full_name": "Medjay",
        "short_name": "Medjay",
        "tier": "V",
        "class": "Heavy",
        "type": "Collector",
        "price_credits": "-",
        "price_xp": "-",
        "price_gold": 250,
        "restoration_credits": "-",
        "restoration_gold": 500,
        "sale_credits": "-",
        "sale_gold ": 250
    },
    {
        "dev_id": 7537,
        "national_id": 29,
        "letter_id": "Oth24",
        "full_name": "Nightmare",
        "short_name": "Nightmare",
        "tier": "V",
        "class": "TD",
        "type": "Collector",
        "price_credits": "-",
        "price_xp": "-",
        "price_gold": 250,
        "restoration_credits": "-",
        "restoration_gold": 500,
        "sale_credits": "-",
        "sale_gold ": 250
    },
    {
        "dev_id": 13169,
        "national_id": 51,
        "letter_id": "Oth61",
        "full_name": "AC-04 Wedge",
        "short_name": "AC Wedge",
        "tier": "IV",
        "class": "Heavy",
        "type": "Tech Tree",
        "price_credits": 0,
        "price_xp": "-",
        "price_gold": "-",
        "restoration_credits": "-",
        "restoration_gold": "-",
        "sale_credits": 0,
        "sale_gold ": "- "
    },
    {
        "dev_id": 4209,
        "national_id": 16,
        "letter_id": "Oth10",
        "full_name": "WarDuck",
        "short_name": "WarDuck",
        "tier": "I",
        "class": "Medium",
        "type": "Event",
        "price_credits": 1,
        "price_xp": "-",
        "price_gold": "-",
        "restoration_credits": "-",
        "restoration_gold": "-",
        "sale_credits": 0.5,
        "sale_gold ": "- "
    }
]