[
    {
        "dev_id": 19537,
        "national_id": 76,
        "letter_id": "-",
        "full_name": "Vickers Light 105",
        "short_name": "Vickers Light",
        "tier": "X",
        "class": "Light",
        "type": "Tech Tree",
        "price_credits": 6100000,
        "price_xp": 275000,
        "price_gold": "-",
        "restoration_credits": "-",
        "restoration_gold": "-",
        "sale_credits": 3050000,
        "sale_gold ": "- "
    },
    {
        "dev_id": 7249,
        "national_id": 28,
        "letter_id": "GB70",
        "full_name": "FV4202",
        "short_name": "FV4202",
        "tier": "X",
        "class": "Medium",
        "type": "Tech Tree",
        "price_credits": 6100000,
        "price_xp": 225000,
        "price_gold": "-",
        "restoration_credits": "-",
        "restoration_gold": "-",
        "sale_credits": 3050000,
        "sale_gold ": "- "
    },
    {
        "dev_id": 6225,
        "national_id": 24,
        "letter_id": "GB13",
        "full_name": "FV215b",
        "short_name": "FV215b",
        "tier": "X",
        "class": "Heavy",
        "type": "Tech Tree",
        "price_credits": 6100000,
        "price_xp": 262500,
        "price_gold": "-",
        "restoration_credits": "-",
        "restoration_gold": "-",
        "sale_credits": 3050000,
        "sale_gold ": "- "
    },
    {
        "dev_id": 25169,
        "national_id": 98,
        "letter_id": "GB141",
        "full_name": "GSOR the TANK",
        "short_name": "GSOR the TANK",
        "tier": "X",
        "class": "Heavy",
        "type": "Collector",
        "price_credits": "-",
        "price_xp": "-",
        "price_gold": 15000,
        "restoration_credits": "-",
        "restoration_gold": 15000,
        "sale_credits": "-",
        "sale_gold ": 7500
    },
    {
        "dev_id": 19281,
        "national_id": 75,
        "letter_id": "GB91",
        "full_name": "Super Conqueror",
        "short_name": "Super Conqueror",
        "tier": "X",
        "class": "Heavy",
        "type": "Collector",
        "price_credits": "-",
        "price_xp": "-",
        "price_gold": 15000,
        "restoration_credits": "-",
        "restoration_gold": 15000,
        "sale_credits": "-",
        "sale_gold ": 7500
    },
    {
        "dev_id": 15697,
        "national_id": 61,
        "letter_id": "GB84",
        "full_name": "Chieftain Mk. 6",
        "short_name": "Chieftain Mk. 6",
        "tier": "X",
        "class": "Heavy",
        "type": "Collector",
        "price_credits": "-",
        "price_xp": "-",
        "price_gold": 15000,
        "restoration_credits": "-",
        "restoration_gold": 15000,
        "sale_credits": "-",
        "sale_gold ": 7500
    },
    {
        "dev_id": 18001,
        "national_id": 70,
        "letter_id": "GB83",
        "full_name": "FV4005",
        "short_name": "FV4005",
        "tier": "X",
        "class": "TD",
        "type": "Tech Tree",
        "price_credits": 6100000,
        "price_xp": 280000,
        "price_gold": "-",
        "restoration_credits": "-",
        "restoration_gold": "-",
        "sale_credits": 3050000,
        "sale_gold ": "- "
    },
    {
        "dev_id": 9297,
        "national_id": 36,
        "letter_id": "GB48",
        "full_name": "FV215b (183)",
        "short_name": "FV215b 183",
        "tier": "X",
        "class": "TD",
        "type": "Tech Tree",
        "price_credits": 6100000,
        "price_xp": 293750,
        "price_gold": "-",
        "restoration_credits": "-",
        "restoration_gold": "-",
        "sale_credits": 3050000,
        "sale_gold ": "- "
    },
    {
        "dev_id": 17745,
        "national_id": 69,
        "letter_id": "GB92",
        "full_name": "FV217 Badger",
        "short_name": "FV217 Badger",
        "tier": "X",
        "class": "TD",
        "type": "Collector",
        "price_credits": "-",
        "price_xp": "-",
        "price_gold": 15000,
        "restoration_credits": "-",
        "restoration_gold": 15000,
        "sale_credits": "-",
        "sale_gold ": 7500
    },
    {
        "dev_id": 19793,
        "national_id": 77,
        "letter_id": "-",
        "full_name": "Vickers Cruiser",
        "short_name": "Vickers CR",
        "tier": "IX",
        "class": "Light",
        "type": "Tech Tree",
        "price_credits": 3450000,
        "price_xp": 170000,
        "price_gold": "-",
        "restoration_credits": "-",
        "restoration_gold": "-",
        "sale_credits": 1725000,
        "sale_gold ": "- "
    },
    {
        "dev_id": 5713,
        "national_id": 22,
        "letter_id": "GB24",
        "full_name": "Centurion Mk. 7/1",
        "short_name": "Centurion 7/1",
        "tier": "IX",
        "class": "Medium",
        "type": "Tech Tree",
        "price_credits": 3515000,
        "price_xp": 165000,
        "price_gold": "-",
        "restoration_credits": "-",
        "restoration_gold": "-",
        "sale_credits": 1757500,
        "sale_gold ": "- "
    },
    {
        "dev_id": 23121,
        "national_id": 90,
        "letter_id": "GB106",
        "full_name": "Cobra",
        "short_name": "Cobra",
        "tier": "IX",
        "class": "Medium",
        "type": "Collector",
        "price_credits": "-",
        "price_xp": "-",
        "price_gold": 10000,
        "restoration_credits": "-",
        "restoration_gold": 10000,
        "sale_credits": "-",
        "sale_gold ": 5000
    },
    {
        "dev_id": 4433,
        "national_id": 17,
        "letter_id": "GB12",
        "full_name": "Conqueror",
        "short_name": "Conqueror",
        "tier": "IX",
        "class": "Heavy",
        "type": "Tech Tree",
        "price_credits": 3600000,
        "price_xp": 110000,
        "price_gold": "-",
        "restoration_credits": "-",
        "restoration_gold": "-",
        "sale_credits": 1800000,
        "sale_gold ": "- "
    },
    {
        "dev_id": 23889,
        "national_id": 93,
        "letter_id": "GB110",
        "full_name": "FV4201 Chieftain Proto",
        "short_name": "FV4201 Chieftain Proto",
        "tier": "IX",
        "class": "Heavy",
        "type": "Collector",
        "price_credits": "-",
        "price_xp": "-",
        "price_gold": 10000,
        "restoration_credits": "-",
        "restoration_gold": 10000,
        "sale_credits": "-",
        "sale_gold ": 5000
    },
    {
        "dev_id": 52561,
        "national_id": 205,
        "letter_id": "GB32",
        "full_name": "Tortoise",
        "short_name": "Tortoise",
        "tier": "IX",
        "class": "TD",
        "type": "Tech Tree",
        "price_credits": 3500000,
        "price_xp": 161000,
        "price_gold": "-",
        "restoration_credits": "-",
        "restoration_gold": "-",
        "sale_credits": 1750000,
        "sale_gold ": "- "
    },
    {
        "dev_id": 17233,
        "national_id": 67,
        "letter_id": "GB81",
        "full_name": "FV4004 Conway",
        "short_name": "Conway",
        "tier": "IX",
        "class": "TD",
        "type": "Tech Tree",
        "price_credits": 3500000,
        "price_xp": 160000,
        "price_gold": "-",
        "restoration_credits": "-",
        "restoration_gold": "-",
        "sale_credits": 1750000,
        "sale_gold ": "- "
    },
    {
        "dev_id": 20049,
        "national_id": 78,
        "letter_id": "-",
        "full_name": "FV301",
        "short_name": "FV301",
        "tier": "VIII",
        "class": "Light",
        "type": "Tech Tree",
        "price_credits": 2320000,
        "price_xp": 100000,
        "price_gold": "-",
        "restoration_credits": "-",
        "restoration_gold": "-",
        "sale_credits": 1160000,
        "sale_gold ": "- "
    },
    {
        "dev_id": 23377,
        "national_id": 91,
        "letter_id": "GB101",
        "full_name": "FV1066 Senlac",
        "short_name": "FV1066 Senlac",
        "tier": "VIII",
        "class": "Light",
        "type": "Collector",
        "price_credits": "-",
        "price_xp": "-",
        "price_gold": 7500,
        "restoration_credits": "-",
        "restoration_gold": 7500,
        "sale_credits": "-",
        "sale_gold ": 3750
    },
    {
        "dev_id": 5969,
        "national_id": 23,
        "letter_id": "GB23",
        "full_name": "Centurion Mk. I",
        "short_name": "Centurion I",
        "tier": "VIII",
        "class": "Medium",
        "type": "Tech Tree",
        "price_credits": 2350000,
        "price_xp": 100000,
        "price_gold": "-",
        "restoration_credits": "-",
        "restoration_gold": "-",
        "sale_credits": 1175000,
        "sale_gold ": "- "
    },
    {
        "dev_id": 19025,
        "national_id": 74,
        "letter_id": "-",
        "full_name": "Defender Mk. 1",
        "short_name": "Defender Mk. 1",
        "tier": "VIII",
        "class": "Medium",
        "type": "Premium",
        "price_credits": "-",
        "price_xp": "-",
        "price_gold": 7200,
        "restoration_credits": 2880000,
        "restoration_gold": "-",
        "sale_credits": 1440000,
        "sale_gold ": "- "
    },
    {
        "dev_id": 24913,
        "national_id": 97,
        "letter_id": "GB128",
        "full_name": "Nemesis",
        "short_name": "Nemesis",
        "tier": "VIII",
        "class": "Medium",
        "type": "Collector",
        "price_credits": "-",
        "price_xp": "-",
        "price_gold": 7500,
        "restoration_credits": "-",
        "restoration_gold": 7500,
        "sale_credits": "-",
        "sale_gold ": 3750
    },
    {
        "dev_id": 24401,
        "national_id": 95,
        "letter_id": "GB114",
        "full_name": "Vickers MBT Mk. 3",
        "short_name": "Vickers MBT",
        "tier": "VIII",
        "class": "Medium",
        "type": "Collector",
        "price_credits": "-",
        "price_xp": "-",
        "price_gold": 7500,
        "restoration_credits": "-",
        "restoration_gold": 7500,
        "sale_credits": "-",
        "sale_gold ": 3750
    },
    {
        "dev_id": 20305,
        "national_id": 79,
        "letter_id": "GB94",
        "full_name": "Centurion Mk. 5/1 RAAC",
        "short_name": "Centurion Mk. 5/1",
        "tier": "VIII",
        "class": "Medium",
        "type": "Collector",
        "price_credits": "-",
        "price_xp": "-",
        "price_gold": 7500,
        "restoration_credits": "-",
        "restoration_gold": 7500,
        "sale_credits": "-",
        "sale_gold ": 3750
    },
    {
        "dev_id": 18513,
        "national_id": 72,
        "letter_id": "GB97",
        "full_name": "Chimera",
        "short_name": "Chimera",
        "tier": "VIII",
        "class": "Medium",
        "type": "Collector",
        "price_credits": "-",
        "price_xp": "-",
        "price_gold": 7500,
        "restoration_credits": "-",
        "restoration_gold": 7500,
        "sale_credits": "-",
        "sale_gold ": 3750
    },
    {
        "dev_id": 3921,
        "national_id": 15,
        "letter_id": "GB11",
        "full_name": "Caernarvon",
        "short_name": "Caernarvon",
        "tier": "VIII",
        "class": "Heavy",
        "type": "Tech Tree",
        "price_credits": 2520000,
        "price_xp": 110000,
        "price_gold": "-",
        "restoration_credits": "-",
        "restoration_gold": "-",
        "sale_credits": 1260000,
        "sale_gold ": "- "
    },
    {
        "dev_id": 22865,
        "national_id": 89,
        "letter_id": "GB111",
        "full_name": "Charlemagne",
        "short_name": "Charlemagne",
        "tier": "VIII",
        "class": "Heavy",
        "type": "Premium",
        "price_credits": "-",
        "price_xp": "-",
        "price_gold": 7600,
        "restoration_credits": 3040000,
        "restoration_gold": "-",
        "sale_credits": 1520000,
        "sale_gold ": "- "
    },
    {
        "dev_id": 22609,
        "national_id": 88,
        "letter_id": "GB11",
        "full_name": "Caernarvon Defender",
        "short_name": "Caernarvon Defender",
        "tier": "VIII",
        "class": "Heavy",
        "type": "Premium",
        "price_credits": "-",
        "price_xp": "-",
        "price_gold": 7500,
        "restoration_credits": 3000000,
        "restoration_gold": "-",
        "sale_credits": 1500000,
        "sale_gold ": "- "
    },
    {
        "dev_id": 21841,
        "national_id": 85,
        "letter_id": "GB112",
        "full_name": "Caliban",
        "short_name": "Caliban",
        "tier": "VIII",
        "class": "Heavy",
        "type": "Collector",
        "price_credits": "-",
        "price_xp": "-",
        "price_gold": 7500,
        "restoration_credits": "-",
        "restoration_gold": 7500,
        "sale_credits": "-",
        "sale_gold ": 3750
    },
    {
        "dev_id": 18769,
        "national_id": 73,
        "letter_id": "GB93",
        "full_name": "Caernarvon Action X",
        "short_name": "Action X",
        "tier": "VIII",
        "class": "Heavy",
        "type": "Collector",
        "price_credits": "-",
        "price_xp": "-",
        "price_gold": 7500,
        "restoration_credits": "-",
        "restoration_gold": 7500,
        "sale_credits": "-",
        "sale_gold ": 3750
    },
    {
        "dev_id": 15441,
        "national_id": 60,
        "letter_id": "GB87",
        "full_name": "Chieftain/T95",
        "short_name": "Chieftain",
        "tier": "VIII",
        "class": "Heavy",
        "type": "Collector",
        "price_credits": "-",
        "price_xp": "-",
        "price_gold": 7500,
        "restoration_credits": "-",
        "restoration_gold": 7500,
        "sale_credits": "-",
        "sale_gold ": 3750
    },
    {
        "dev_id": 17489,
        "national_id": 68,
        "letter_id": "GB80",
        "full_name": "Charioteer",
        "short_name": "Charioteer",
        "tier": "VIII",
        "class": "TD",
        "type": "Tech Tree",
        "price_credits": 2650000,
        "price_xp": 106250,
        "price_gold": "-",
        "restoration_credits": "-",
        "restoration_gold": "-",
        "sale_credits": 1325000,
        "sale_gold ": "- "
    },
    {
        "dev_id": 8529,
        "national_id": 33,
        "letter_id": "GB72",
        "full_name": "AT 15",
        "short_name": "AT 15",
        "tier": "VIII",
        "class": "TD",
        "type": "Tech Tree",
        "price_credits": 2650000,
        "price_xp": 92000,
        "price_gold": "-",
        "restoration_credits": "-",
        "restoration_gold": "-",
        "sale_credits": 1325000,
        "sale_gold ": "- "
    },
    {
        "dev_id": 20561,
        "national_id": 80,
        "letter_id": "GB99",
        "full_name": "Turtle Mk. I",
        "short_name": "Turtle Mk. I",
        "tier": "VIII",
        "class": "TD",
        "type": "Premium",
        "price_credits": "-",
        "price_xp": "-",
        "price_gold": 7200,
        "restoration_credits": 2880000,
        "restoration_gold": "-",
        "sale_credits": 1440000,
        "sale_gold ": "- "
    },
    {
        "dev_id": 24145,
        "national_id": 94,
        "letter_id": "GB109",
        "full_name": "GSOR 1008 Fearless",
        "short_name": "GSOR Fearless",
        "tier": "VIII",
        "class": "TD",
        "type": "Collector",
        "price_credits": "-",
        "price_xp": "-",
        "price_gold": 7500,
        "restoration_credits": "-",
        "restoration_gold": 7500,
        "sale_credits": "-",
        "sale_gold ": 3750
    },
    {
        "dev_id": 21329,
        "national_id": 83,
        "letter_id": "GB109",
        "full_name": "GSOR 1008",
        "short_name": "GSOR 1008",
        "tier": "VIII",
        "class": "TD",
        "type": "Collector",
        "price_credits": "-",
        "price_xp": "-",
        "price_gold": 7500,
        "restoration_credits": "-",
        "restoration_gold": 7500,
        "sale_credits": "-",
        "sale_gold ": 3750
    },
    {
        "dev_id": 24657,
        "national_id": 96,
        "letter_id": "GB108",
        "full_name": "A46 Different",
        "short_name": "A46 Different",
        "tier": "VII",
        "class": "Light",
        "type": "Collector",
        "price_credits": "-",
        "price_xp": "-",
        "price_gold": 5000,
        "restoration_credits": "-",
        "restoration_gold": 5000,
        "sale_credits": "-",
        "sale_gold ": 2500
    },
    {
        "dev_id": 5457,
        "national_id": 21,
        "letter_id": "GB22",
        "full_name": "Comet",
        "short_name": "Comet",
        "tier": "VII",
        "class": "Medium",
        "type": "Tech Tree",
        "price_credits": 1350500,
        "price_xp": 68440,
        "price_gold": "-",
        "restoration_credits": "-",
        "restoration_gold": "-",
        "sale_credits": 675250,
        "sale_gold ": "- "
    },
    {
        "dev_id": 3153,
        "national_id": 12,
        "letter_id": "GB10",
        "full_name": "Black Prince",
        "short_name": "Black Prince",
        "tier": "VII",
        "class": "Heavy",
        "type": "Tech Tree",
        "price_credits": 1400000,
        "price_xp": 63720,
        "price_gold": "-",
        "restoration_credits": "-",
        "restoration_gold": "-",
        "sale_credits": 700000,
        "sale_gold ": "- "
    },
    {
        "dev_id": 15953,
        "national_id": 62,
        "letter_id": "GB52",
        "full_name": "FV201 (A45)",
        "short_name": "FV201 (A45)",
        "tier": "VII",
        "class": "Heavy",
        "type": "Premium",
        "price_credits": "-",
        "price_xp": "-",
        "price_gold": 5200,
        "restoration_credits": 2080000,
        "restoration_gold": "-",
        "sale_credits": 1040000,
        "sale_gold ": "- "
    },
    {
        "dev_id": 18257,
        "national_id": 71,
        "letter_id": "GB41",
        "full_name": "Challenger",
        "short_name": "Challenger",
        "tier": "VII",
        "class": "TD",
        "type": "Tech Tree",
        "price_credits": 1400000,
        "price_xp": 65680,
        "price_gold": "-",
        "restoration_credits": "-",
        "restoration_gold": "-",
        "sale_credits": 700000,
        "sale_gold ": "- "
    },
    {
        "dev_id": 10065,
        "national_id": 39,
        "letter_id": "GB75",
        "full_name": "AT 7",
        "short_name": "AT 7",
        "tier": "VII",
        "class": "TD",
        "type": "Tech Tree",
        "price_credits": 1400000,
        "price_xp": 66080,
        "price_gold": "-",
        "restoration_credits": "-",
        "restoration_gold": "-",
        "sale_credits": 700000,
        "sale_gold ": "- "
    },
    {
        "dev_id": 54097,
        "national_id": 211,
        "letter_id": "GB71",
        "full_name": "AT 15A",
        "short_name": "AT 15A",
        "tier": "VII",
        "class": "TD",
        "type": "Collector",
        "price_credits": "-",
        "price_xp": "-",
        "price_gold": 5000,
        "restoration_credits": "-",
        "restoration_gold": 5000,
        "sale_credits": "-",
        "sale_gold ": 2500
    },
    {
        "dev_id": 1105,
        "national_id": 4,
        "letter_id": "GB21",
        "full_name": "Cromwell",
        "short_name": "Cromwell",
        "tier": "VI",
        "class": "Medium",
        "type": "Tech Tree",
        "price_credits": 900000,
        "price_xp": 25000,
        "price_gold": "-",
        "restoration_credits": "-",
        "restoration_gold": "-",
        "sale_credits": 450000,
        "sale_gold ": "- "
    },
    {
        "dev_id": 593,
        "national_id": 2,
        "letter_id": "GB19",
        "full_name": "Sherman Firefly",
        "short_name": "Sherman Firefly",
        "tier": "VI",
        "class": "Medium",
        "type": "Tech Tree",
        "price_credits": 945000,
        "price_xp": 25000,
        "price_gold": "-",
        "restoration_credits": "-",
        "restoration_gold": "-",
        "sale_credits": 472500,
        "sale_gold ": "- "
    },
    {
        "dev_id": 64337,
        "national_id": 251,
        "letter_id": "GB35",
        "full_name": "AC IV Sentinel",
        "short_name": "AC IV Sentinel",
        "tier": "VI",
        "class": "Medium",
        "type": "Premium",
        "price_credits": "-",
        "price_xp": "-",
        "price_gold": 3000,
        "restoration_credits": 1200000,
        "restoration_gold": "-",
        "sale_credits": 600000,
        "sale_gold ": "- "
    },
    {
        "dev_id": 55889,
        "national_id": 218,
        "letter_id": "GB85",
        "full_name": "Cromwell B",
        "short_name": "Cromwell B",
        "tier": "VI",
        "class": "Medium",
        "type": "Premium",
        "price_credits": "-",
        "price_xp": "-",
        "price_gold": 3000,
        "restoration_credits": 1200000,
        "restoration_gold": "-",
        "sale_credits": 600000,
        "sale_gold ": "- "
    },
    {
        "dev_id": 20817,
        "national_id": 81,
        "letter_id": "GB21",
        "full_name": "Explorer",
        "short_name": "Explorer",
        "tier": "VI",
        "class": "Medium",
        "type": "Collector",
        "price_credits": "-",
        "price_xp": "-",
        "price_gold": 500,
        "restoration_credits": "-",
        "restoration_gold": 1000,
        "sale_credits": "-",
        "sale_gold ": 500
    },
    {
        "dev_id": 4689,
        "national_id": 18,
        "letter_id": "GB09",
        "full_name": "Churchill VII",
        "short_name": "Churchill VII",
        "tier": "VI",
        "class": "Heavy",
        "type": "Tech Tree",
        "price_credits": 900000,
        "price_xp": 25000,
        "price_gold": "-",
        "restoration_credits": "-",
        "restoration_gold": "-",
        "sale_credits": 450000,
        "sale_gold ": "- "
    },
    {
        "dev_id": 53841,
        "national_id": 210,
        "letter_id": "GB63",
        "full_name": "TOG II*",
        "short_name": "TOG II*",
        "tier": "VI",
        "class": "Heavy",
        "type": "Premium",
        "price_credits": "-",
        "price_xp": "-",
        "price_gold": 3500,
        "restoration_credits": 1400000,
        "restoration_gold": "-",
        "sale_credits": 700000,
        "sale_gold ": "- "
    },
    {
        "dev_id": 1361,
        "national_id": 5,
        "letter_id": "-",
        "full_name": "Churchill Mk. VI",
        "short_name": "Churchill Mk. VI",
        "tier": "VI",
        "class": "Heavy",
        "type": "Premium",
        "price_credits": "-",
        "price_xp": "-",
        "price_gold": 3500,
        "restoration_credits": 1400000,
        "restoration_gold": "-",
        "sale_credits": 700000,
        "sale_gold ": "- "
    },
    {
        "dev_id": 22353,
        "national_id": 87,
        "letter_id": "GB09",
        "full_name": "Churchill W",
        "short_name": "Churchill W",
        "tier": "VI",
        "class": "Heavy",
        "type": "Collector",
        "price_credits": "-",
        "price_xp": "-",
        "price_gold": 500,
        "restoration_credits": "-",
        "restoration_gold": 1000,
        "sale_credits": "-",
        "sale_gold ": 500
    },
    {
        "dev_id": 22097,
        "national_id": 86,
        "letter_id": "-",
        "full_name": "Churchill VIII",
        "short_name": "Churchill VIII",
        "tier": "VI",
        "class": "Heavy",
        "type": "Collector",
        "price_credits": "-",
        "price_xp": "-",
        "price_gold": 3500,
        "restoration_credits": "-",
        "restoration_gold": 3500,
        "sale_credits": "-",
        "sale_gold ": 1750
    },
    {
        "dev_id": 21585,
        "national_id": 84,
        "letter_id": "GB63",
        "full_name": "Blasteroid",
        "short_name": "Blasteroid",
        "tier": "VI",
        "class": "Heavy",
        "type": "Collector",
        "price_credits": "-",
        "price_xp": "-",
        "price_gold": 500,
        "restoration_credits": "-",
        "restoration_gold": 1000,
        "sale_credits": "-",
        "sale_gold ": 500
    },
    {
        "dev_id": 9553,
        "national_id": 37,
        "letter_id": "GB74",
        "full_name": "AT 8",
        "short_name": "AT 8",
        "tier": "VI",
        "class": "TD",
        "type": "Tech Tree",
        "price_credits": 940000,
        "price_xp": 25000,
        "price_gold": "-",
        "restoration_credits": "-",
        "restoration_gold": "-",
        "sale_credits": 470000,
        "sale_gold ": "- "
    },
    {
        "dev_id": 21073,
        "national_id": 82,
        "letter_id": "GB40",
        "full_name": "Dreadnought",
        "short_name": "Dreadnought",
        "tier": "VI",
        "class": "TD",
        "type": "Collector",
        "price_credits": "-",
        "price_xp": "-",
        "price_gold": 500,
        "restoration_credits": "-",
        "restoration_gold": 1000,
        "sale_credits": "-",
        "sale_gold ": 500
    },
    {
        "dev_id": 9809,
        "national_id": 38,
        "letter_id": "GB40",
        "full_name": "Churchill Gun Carrier",
        "short_name": "Churchill GC",
        "tier": "VI",
        "class": "TD",
        "type": "Collector",
        "price_credits": "-",
        "price_xp": "-",
        "price_gold": 500,
        "restoration_credits": "-",
        "restoration_gold": 1000,
        "sale_credits": "-",
        "sale_gold ": 500
    },
    {
        "dev_id": 2129,
        "national_id": 8,
        "letter_id": "GB20",
        "full_name": "Crusader",
        "short_name": "Crusader",
        "tier": "V",
        "class": "Light",
        "type": "Tech Tree",
        "price_credits": 400000,
        "price_xp": 10500,
        "price_gold": "-",
        "restoration_credits": "-",
        "restoration_gold": "-",
        "sale_credits": 200000,
        "sale_gold ": "- "
    },
    {
        "dev_id": 53585,
        "national_id": 209,
        "letter_id": "GB68",
        "full_name": "Matilda Black Prince",
        "short_name": "Matilda BP",
        "tier": "V",
        "class": "Medium",
        "type": "Premium",
        "price_credits": "-",
        "price_xp": "-",
        "price_gold": 2250,
        "restoration_credits": 900000,
        "restoration_gold": "-",
        "sale_credits": 450000,
        "sale_gold ": "- "
    },
    {
        "dev_id": 23633,
        "national_id": 92,
        "letter_id": "GB116",
        "full_name": "A25 Harry Hopkins I",
        "short_name": "A25 Harry Hopkins I",
        "tier": "V",
        "class": "Medium",
        "type": "Collector",
        "price_credits": "-",
        "price_xp": "-",
        "price_gold": 2500,
        "restoration_credits": "-",
        "restoration_gold": 2500,
        "sale_credits": "-",
        "sale_gold ": 1250
    },
    {
        "dev_id": 1617,
        "national_id": 6,
        "letter_id": "-",
        "full_name": "Sherman V",
        "short_name": "Sherman V",
        "tier": "V",
        "class": "Medium",
        "type": "Collector",
        "price_credits": "-",
        "price_xp": "-",
        "price_gold": 250,
        "restoration_credits": "-",
        "restoration_gold": 500,
        "sale_credits": "-",
        "sale_gold ": 250
    },
    {
        "dev_id": 2897,
        "national_id": 11,
        "letter_id": "GB08",
        "full_name": "Churchill I",
        "short_name": "Churchill I",
        "tier": "V",
        "class": "Heavy",
        "type": "Tech Tree",
        "price_credits": 400000,
        "price_xp": 10500,
        "price_gold": "-",
        "restoration_credits": "-",
        "restoration_gold": "-",
        "sale_credits": 200000,
        "sale_gold ": "- "
    },
    {
        "dev_id": 54353,
        "national_id": 212,
        "letter_id": "GB51",
        "full_name": "Excelsior",
        "short_name": "Excelsior",
        "tier": "V",
        "class": "Heavy",
        "type": "Premium",
        "price_credits": "-",
        "price_xp": "-",
        "price_gold": 2500,
        "restoration_credits": 1000000,
        "restoration_gold": "-",
        "sale_credits": 500000,
        "sale_gold ": "- "
    },
    {
        "dev_id": 8785,
        "national_id": 34,
        "letter_id": "GB73",
        "full_name": "AT 2",
        "short_name": "AT 2",
        "tier": "V",
        "class": "TD",
        "type": "Tech Tree",
        "price_credits": 400000,
        "price_xp": 7000,
        "price_gold": "-",
        "restoration_credits": "-",
        "restoration_gold": "-",
        "sale_credits": 200000,
        "sale_gold ": "- "
    },
    {
        "dev_id": 64593,
        "national_id": 252,
        "letter_id": "GB44",
        "full_name": "Angry Connor",
        "short_name": "Angry Connor",
        "tier": "V",
        "class": "TD",
        "type": "Premium",
        "price_credits": "-",
        "price_xp": "-",
        "price_gold": 3500,
        "restoration_credits": 1400000,
        "restoration_gold": "-",
        "sale_credits": 700000,
        "sale_gold ": "- "
    },
    {
        "dev_id": 6481,
        "national_id": 25,
        "letter_id": "GB60",
        "full_name": "Covenanter",
        "short_name": "Covenanter",
        "tier": "IV",
        "class": "Light",
        "type": "Collector",
        "price_credits": "-",
        "price_xp": "-",
        "price_gold": 100,
        "restoration_credits": "-",
        "restoration_gold": 200,
        "sale_credits": "-",
        "sale_gold ": 100
    },
    {
        "dev_id": 4945,
        "national_id": 19,
        "letter_id": "GB04",
        "full_name": "Valentine Mk. IX",
        "short_name": "Valentine Mk. IX",
        "tier": "IV",
        "class": "Light",
        "type": "Collector",
        "price_credits": "-",
        "price_xp": "-",
        "price_gold": 100,
        "restoration_credits": "-",
        "restoration_gold": 200,
        "sale_credits": "-",
        "sale_gold ": 100
    },
    {
        "dev_id": 64849,
        "national_id": 253,
        "letter_id": "-",
        "full_name": "AC 1 Sentinel",
        "short_name": "AC 1 Sentinel",
        "tier": "IV",
        "class": "Medium",
        "type": "Collector",
        "price_credits": "-",
        "price_xp": "-",
        "price_gold": 1000,
        "restoration_credits": "-",
        "restoration_gold": 2000,
        "sale_credits": "-",
        "sale_gold ": 1000
    },
    {
        "dev_id": 849,
        "national_id": 3,
        "letter_id": "GB07",
        "full_name": "Matilda",
        "short_name": "Matilda",
        "tier": "IV",
        "class": "Heavy",
        "type": "Tech Tree",
        "price_credits": 85000,
        "price_xp": 2500,
        "price_gold": "-",
        "restoration_credits": "-",
        "restoration_gold": "-",
        "sale_credits": 42500,
        "sale_gold ": "- "
    },
    {
        "dev_id": 9041,
        "national_id": 35,
        "letter_id": "GB57",
        "full_name": "Alecto",
        "short_name": "Alecto",
        "tier": "IV",
        "class": "TD",
        "type": "Tech Tree",
        "price_credits": 85000,
        "price_xp": 2500,
        "price_gold": "-",
        "restoration_credits": "-",
        "restoration_gold": "-",
        "sale_credits": 42500,
        "sale_gold ": "- "
    },
    {
        "dev_id": 7505,
        "national_id": 29,
        "letter_id": "GB59",
        "full_name": "Cruiser Mk. IV",
        "short_name": "Cruiser IV",
        "tier": "III",
        "class": "Medium",
        "type": "Tech Tree",
        "price_credits": 6000,
        "price_xp": 700,
        "price_gold": "-",
        "restoration_credits": "-",
        "restoration_gold": "-",
        "sale_credits": 3000,
        "sale_gold ": "- "
    },
    {
        "dev_id": 2385,
        "national_id": 9,
        "letter_id": "GB06",
        "full_name": "Vickers Medium Mk. III",
        "short_name": "Medium III",
        "tier": "III",
        "class": "Medium",
        "type": "Collector",
        "price_credits": "-",
        "price_xp": "-",
        "price_gold": 50,
        "restoration_credits": "-",
        "restoration_gold": 100,
        "sale_credits": "-",
        "sale_gold ": 50
    },
    {
        "dev_id": 8017,
        "national_id": 31,
        "letter_id": "GB42",
        "full_name": "Valentine AT",
        "short_name": "Valentine AT",
        "tier": "III",
        "class": "TD",
        "type": "Collector",
        "price_credits": "-",
        "price_xp": "-",
        "price_gold": 50,
        "restoration_credits": "-",
        "restoration_gold": 100,
        "sale_credits": "-",
        "sale_gold ": 50
    },
    {
        "dev_id": 54865,
        "national_id": 214,
        "letter_id": "GB76",
        "full_name": "Light Mk. VIC",
        "short_name": "Light VIC",
        "tier": "II",
        "class": "Light",
        "type": "Collector",
        "price_credits": "-",
        "price_xp": "-",
        "price_gold": 750,
        "restoration_credits": "-",
        "restoration_gold": 1500,
        "sale_credits": "-",
        "sale_gold ": 750
    },
    {
        "dev_id": 5201,
        "national_id": 20,
        "letter_id": "GB03",
        "full_name": "Cruiser Mk. I",
        "short_name": "Cruiser I",
        "tier": "II",
        "class": "Light",
        "type": "Collector",
        "price_credits": "-",
        "price_xp": "-",
        "price_gold": 25,
        "restoration_credits": "-",
        "restoration_gold": 50,
        "sale_credits": "-",
        "sale_gold ": 25
    },
    {
        "dev_id": 7761,
        "national_id": 30,
        "letter_id": "GB58",
        "full_name": "Cruiser Mk. III",
        "short_name": "Cruiser III",
        "tier": "II",
        "class": "Medium",
        "type": "Tech Tree",
        "price_credits": 1200,
        "price_xp": 210,
        "price_gold": "-",
        "restoration_credits": "-",
        "restoration_gold": "-",
        "sale_credits": 600,
        "sale_gold ": "- "
    },
    {
        "dev_id": 337,
        "national_id": 1,
        "letter_id": "GB05",
        "full_name": "Vickers Medium Mk. II",
        "short_name": "Medium II",
        "tier": "II",
        "class": "Medium",
        "type": "Collector",
        "price_credits": "-",
        "price_xp": "-",
        "price_gold": 25,
        "restoration_credits": "-",
        "restoration_gold": 50,
        "sale_credits": "-",
        "sale_gold ": 25
    },
    {
        "dev_id": 8273,
        "national_id": 32,
        "letter_id": "GB39",
        "full_name": "Universal Carrier 2-pdr",
        "short_name": "UC 2-pdr",
        "tier": "II",
        "class": "TD",
        "type": "Collector",
        "price_credits": "-",
        "price_xp": "-",
        "price_gold": 25,
        "restoration_credits": "-",
        "restoration_gold": 50,
        "sale_credits": "-",
        "sale_gold ": 25
    },
    {
        "dev_id": 6993,
        "national_id": 27,
        "letter_id": "GB69",
        "full_name": "Cruiser Mk. II",
        "short_name": "Cruiser II",
        "tier": "I",
        "class": "Light",
        "type": "Tech Tree",
        "price_credits": 0,
        "price_xp": 0,
        "price_gold": "-",
        "restoration_credits": "-",
        "restoration_gold": "-",
        "sale_credits": 0,
        "sale_gold ": "- "
    },
    {
        "dev_id": 81,
        "national_id": 0,
        "letter_id": "GB01",
        "full_name": "Vickers Medium Mk. I",
        "short_name": "Medium I",
        "tier": "I",
        "class": "Medium",
        "type": "Tech Tree",
        "price_credits": 0,
        "price_xp": 0,
        "price_gold": "-",
        "restoration_credits": "-",
        "restoration_gold": "-",
        "sale_credits": 0,
        "sale_gold ": "- "
    },
    {
        "dev_id": 64081,
        "national_id": 250,
        "letter_id": "-",
        "full_name": "Mk I* Heavy Tank",
        "short_name": "Mk I* Heavy Tank",
        "tier": "I",
        "class": "Heavy",
        "type": "Premium",
        "price_credits": "-",
        "price_xp": "-",
        "price_gold": 5,
        "restoration_credits": 2000,
        "restoration_gold": "-",
        "sale_credits": 1000,
        "sale_gold ": "- "
    }
]