[
    {
        "dev_id": 20257,
        "national_id": 79,
        "letter_id": "A116",
        "full_name": "XM551 Sheridan",
        "short_name": "Sheridan",
        "tier": "X",
        "class": "Light",
        "type": "Tech Tree",
        "price_credits": 6100000,
        "price_xp": 250000,
        "price_gold": null,
        "restoration_credits": null,
        "restoration_gold": null,
        "sale_credits": 3050000,
        "sale_gold": null,
        "camouflage": {
            "skin_01": "Sidewinder",
            "skin_02": "Wavebreaker"
        }
    },
    {
        "dev_id": 21793,
        "national_id": 85,
        "letter_id": "A116",
        "full_name": "XM551 Sheridan Missile",
        "short_name": "Sheridan Missile",
        "tier": "X",
        "class": "Light",
        "type": "Collector",
        "price_credits": null,
        "price_xp": null,
        "price_gold": 10,
        "restoration_credits": null,
        "restoration_gold": 20,
        "sale_credits": null,
        "sale_gold": 10
    },
    {
        "dev_id": 14113,
        "national_id": 55,
        "letter_id": "A84",
        "full_name": "M48 Patton",
        "short_name": "M48 Patton",
        "tier": "X",
        "class": "Medium",
        "type": "Tech Tree",
        "price_credits": 6100000,
        "price_xp": 215000,
        "price_gold": null,
        "restoration_credits": null,
        "restoration_gold": null,
        "sale_credits": 3050000,
        "sale_gold": null,
        "camouflage": {
            "skin_01": "Beast",
            "skin_02": "Pit Bull",
            "skin_03": "Cold-Glow",
            "skin_04": "Lucille's Retribution"
        }
    },
    {
        "dev_id": 15905,
        "national_id": 62,
        "letter_id": "A92",
        "full_name": "M60",
        "short_name": "M60",
        "tier": "X",
        "class": "Medium",
        "type": "Collector",
        "price_credits": null,
        "price_xp": null,
        "price_gold": 15000,
        "restoration_credits": null,
        "restoration_gold": 15000,
        "sale_credits": null,
        "sale_gold": 7500,
        "camouflage": {
            "skin_01": "Rocketeer"
        }
    },
    {
        "dev_id": 22817,
        "national_id": 89,
        "letter_id": null,
        "full_name": "M-VI-Yoh",
        "short_name": "M-VI-Yoh",
        "tier": "X",
        "class": "Heavy",
        "type": "Tech Tree",
        "price_credits": 6100000,
        "price_xp": 255000,
        "price_gold": null,
        "restoration_credits": null,
        "restoration_gold": null,
        "sale_credits": 3050000,
        "sale_gold": null,
        "camouflage": {
            "skin_01": "Pride",
            "skin_02": "Ankylosaurus"
        }
    },
    {
        "dev_id": 14881,
        "national_id": 58,
        "letter_id": "A67",
        "full_name": "T57 Heavy Tank",
        "short_name": "T57 Heavy",
        "tier": "X",
        "class": "Heavy",
        "type": "Tech Tree",
        "price_credits": 6100000,
        "price_xp": 250000,
        "price_gold": null,
        "restoration_credits": null,
        "restoration_gold": null,
        "sale_credits": 3050000,
        "sale_gold": null
    },
    {
        "dev_id": 10785,
        "national_id": 42,
        "letter_id": "A69",
        "full_name": "T110E5",
        "short_name": "T110E5",
        "tier": "X",
        "class": "Heavy",
        "type": "Tech Tree",
        "price_credits": 6100000,
        "price_xp": 240000,
        "price_gold": null,
        "restoration_credits": null,
        "restoration_gold": null,
        "sale_credits": 3050000,
        "sale_gold": null
    },
    {
        "dev_id": 24609,
        "national_id": 96,
        "letter_id": "A128",
        "full_name": "Concept 1B",
        "short_name": "Concept 1B",
        "tier": "X",
        "class": "Heavy",
        "type": "Collector",
        "price_credits": null,
        "price_xp": null,
        "price_gold": 15000,
        "restoration_credits": null,
        "restoration_gold": 15000,
        "sale_credits": null,
        "sale_gold": 7500
    },
    {
        "dev_id": 18977,
        "national_id": 74,
        "letter_id": "A95",
        "full_name": "T95E6",
        "short_name": "T95E6",
        "tier": "X",
        "class": "Heavy",
        "type": "Collector",
        "price_credits": null,
        "price_xp": null,
        "price_gold": 15000,
        "restoration_credits": null,
        "restoration_gold": 15000,
        "sale_credits": null,
        "sale_gold": 7500
    },
    {
        "dev_id": 13857,
        "national_id": 54,
        "letter_id": "A85",
        "full_name": "T110E3",
        "short_name": "T110E3",
        "tier": "X",
        "class": "TD",
        "type": "Tech Tree",
        "price_credits": 6100000,
        "price_xp": 290000,
        "price_gold": null,
        "restoration_credits": null,
        "restoration_gold": null,
        "sale_credits": 3050000,
        "sale_gold": null
    },
    {
        "dev_id": 13089,
        "national_id": 51,
        "letter_id": "A83",
        "full_name": "T110E4",
        "short_name": "T110E4",
        "tier": "X",
        "class": "TD",
        "type": "Tech Tree",
        "price_credits": 6100000,
        "price_xp": 263750,
        "price_gold": null,
        "restoration_credits": null,
        "restoration_gold": null,
        "sale_credits": 3050000,
        "sale_gold": null
    },
    {
        "dev_id": 28705,
        "national_id": 112,
        "letter_id": "A153",
        "full_name": "XM66F",
        "short_name": "XM66F",
        "tier": "X",
        "class": "TD",
        "type": "Collector",
        "price_credits": null,
        "price_xp": null,
        "price_gold": 15000,
        "restoration_credits": null,
        "restoration_gold": 15000,
        "sale_credits": null,
        "sale_gold": 7500
    },
    {
        "dev_id": 20001,
        "national_id": 78,
        "letter_id": "A99",
        "full_name": "T92E1",
        "short_name": "T92E1",
        "tier": "IX",
        "class": "Light",
        "type": "Tech Tree",
        "price_credits": 3600000,
        "price_xp": 170000,
        "price_gold": null,
        "restoration_credits": null,
        "restoration_gold": null,
        "sale_credits": 1800000,
        "sale_gold": null
    },
    {
        "dev_id": 29473,
        "national_id": 115,
        "letter_id": "A175",
        "full_name": "ATAC",
        "short_name": "ATAC",
        "tier": "IX",
        "class": "Light",
        "type": "Collector",
        "price_credits": null,
        "price_xp": null,
        "price_gold": 10000,
        "restoration_credits": null,
        "restoration_gold": 10000,
        "sale_credits": null,
        "sale_gold": 5000
    },
    {
        "dev_id": 15393,
        "national_id": 60,
        "letter_id": "A89",
        "full_name": "T54E1",
        "short_name": "T54E1",
        "tier": "IX",
        "class": "Medium",
        "type": "Tech Tree",
        "price_credits": 3600000,
        "price_xp": 170000,
        "price_gold": null,
        "restoration_credits": null,
        "restoration_gold": null,
        "sale_credits": 1800000,
        "sale_gold": null
    },
    {
        "dev_id": 8993,
        "national_id": 35,
        "letter_id": "A63",
        "full_name": "M46 Patton",
        "short_name": "M46 Patton",
        "tier": "IX",
        "class": "Medium",
        "type": "Tech Tree",
        "price_credits": 3450000,
        "price_xp": 174000,
        "price_gold": null,
        "restoration_credits": null,
        "restoration_gold": null,
        "sale_credits": 1725000,
        "sale_gold": null
    },
    {
        "dev_id": 25121,
        "national_id": 98,
        "letter_id": null,
        "full_name": "M46 Jaguar",
        "short_name": "M46 Jaguar",
        "tier": "IX",
        "class": "Medium",
        "type": "Collector",
        "price_credits": null,
        "price_xp": null,
        "price_gold": 10000,
        "restoration_credits": null,
        "restoration_gold": 10000,
        "sale_credits": null,
        "sale_gold": 5000
    },
    {
        "dev_id": 23073,
        "national_id": 90,
        "letter_id": null,
        "full_name": "M-V-Yoh",
        "short_name": "M-V-Yoh",
        "tier": "IX",
        "class": "Heavy",
        "type": "Tech Tree",
        "price_credits": 3640000,
        "price_xp": 172000,
        "price_gold": null,
        "restoration_credits": null,
        "restoration_gold": null,
        "sale_credits": 1820000,
        "sale_gold": null
    },
    {
        "dev_id": 9505,
        "national_id": 37,
        "letter_id": "A66",
        "full_name": "M103",
        "short_name": "M103",
        "tier": "IX",
        "class": "Heavy",
        "type": "Tech Tree",
        "price_credits": 3640000,
        "price_xp": 168500,
        "price_gold": null,
        "restoration_credits": null,
        "restoration_gold": null,
        "sale_credits": 1820000,
        "sale_gold": null
    },
    {
        "dev_id": 29217,
        "national_id": 114,
        "letter_id": "A150",
        "full_name": "MBT-B",
        "short_name": "MBT-B",
        "tier": "IX",
        "class": "Heavy",
        "type": "Premium",
        "price_credits": null,
        "price_xp": null,
        "price_gold": 10000,
        "restoration_credits": 4000000,
        "restoration_gold": null,
        "sale_credits": 2000000,
        "sale_gold": null
    },
    {
        "dev_id": 27425,
        "national_id": 107,
        "letter_id": "A146",
        "full_name": "TL-7-120",
        "short_name": "TL-7-120",
        "tier": "IX",
        "class": "Heavy",
        "type": "Collector",
        "price_credits": null,
        "price_xp": null,
        "price_gold": 10000,
        "restoration_credits": null,
        "restoration_gold": 10000,
        "sale_credits": null,
        "sale_gold": 5000
    },
    {
        "dev_id": 22305,
        "national_id": 87,
        "letter_id": "A125",
        "full_name": "AE Phase I",
        "short_name": "AE Phase I",
        "tier": "IX",
        "class": "Heavy",
        "type": "Collector",
        "price_credits": null,
        "price_xp": null,
        "price_gold": 15000,
        "restoration_credits": null,
        "restoration_gold": 15000,
        "sale_credits": null,
        "sale_gold": 7500
    },
    {
        "dev_id": 8737,
        "national_id": 34,
        "letter_id": "A40",
        "full_name": "T95",
        "short_name": "T95",
        "tier": "IX",
        "class": "TD",
        "type": "Tech Tree",
        "price_credits": 3500000,
        "price_xp": 165000,
        "price_gold": null,
        "restoration_credits": null,
        "restoration_gold": null,
        "sale_credits": 1750000,
        "sale_gold": null
    },
    {
        "dev_id": 2593,
        "national_id": 10,
        "letter_id": "A14",
        "full_name": "T30",
        "short_name": "T30",
        "tier": "IX",
        "class": "TD",
        "type": "Tech Tree",
        "price_credits": 3550000,
        "price_xp": 145000,
        "price_gold": null,
        "restoration_credits": null,
        "restoration_gold": null,
        "sale_credits": 1775000,
        "sale_gold": null
    },
    {
        "dev_id": 18209,
        "national_id": 71,
        "letter_id": "A100",
        "full_name": "T49",
        "short_name": "T49",
        "tier": "VIII",
        "class": "Light",
        "type": "Tech Tree",
        "price_credits": 2380000,
        "price_xp": 101200,
        "price_gold": null,
        "restoration_credits": null,
        "restoration_gold": null,
        "sale_credits": 1190000,
        "sale_gold": null
    },
    {
        "dev_id": 27937,
        "national_id": 109,
        "letter_id": null,
        "full_name": "T49 Fearless",
        "short_name": "T49 Fearless",
        "tier": "VIII",
        "class": "Light",
        "type": "Premium",
        "price_credits": null,
        "price_xp": null,
        "price_gold": 7600,
        "restoration_credits": 3040000,
        "restoration_gold": null,
        "sale_credits": 1520000,
        "sale_gold": null
    },
    {
        "dev_id": 14625,
        "national_id": 57,
        "letter_id": "A90",
        "full_name": "T69",
        "short_name": "T69",
        "tier": "VIII",
        "class": "Medium",
        "type": "Tech Tree",
        "price_credits": 2403000,
        "price_xp": 118000,
        "price_gold": null,
        "restoration_credits": null,
        "restoration_gold": null,
        "sale_credits": 1201500,
        "sale_gold": null
    },
    {
        "dev_id": 5921,
        "national_id": 23,
        "letter_id": "A35",
        "full_name": "M26 Pershing",
        "short_name": "Pershing",
        "tier": "VIII",
        "class": "Medium",
        "type": "Tech Tree",
        "price_credits": 2403000,
        "price_xp": 98100,
        "price_gold": null,
        "restoration_credits": null,
        "restoration_gold": null,
        "sale_credits": 1201500,
        "sale_gold": null
    },
    {
        "dev_id": 26657,
        "national_id": 104,
        "letter_id": "A140",
        "full_name": "ASTRON Rex 105 mm",
        "short_name": "ASTRON Rex",
        "tier": "VIII",
        "class": "Medium",
        "type": "Premium",
        "price_credits": null,
        "price_xp": null,
        "price_gold": 7500,
        "restoration_credits": 3000000,
        "restoration_gold": null,
        "sale_credits": 1500000,
        "sale_gold": null
    },
    {
        "dev_id": 13345,
        "national_id": 52,
        "letter_id": "A80",
        "full_name": "T26E4 SuperPershing",
        "short_name": "T26E4",
        "tier": "VIII",
        "class": "Medium",
        "type": "Premium",
        "price_credits": null,
        "price_xp": null,
        "price_gold": 7200,
        "restoration_credits": 2880000,
        "restoration_gold": null,
        "sale_credits": 1440000,
        "sale_gold": null
    },
    {
        "dev_id": 12065,
        "national_id": 47,
        "letter_id": "A81",
        "full_name": "T95E2",
        "short_name": "T95E2",
        "tier": "VIII",
        "class": "Medium",
        "type": "Premium",
        "price_credits": null,
        "price_xp": null,
        "price_gold": 7200,
        "restoration_credits": 2880000,
        "restoration_gold": null,
        "sale_credits": 1440000,
        "sale_gold": null
    },
    {
        "dev_id": 20769,
        "national_id": 81,
        "letter_id": "A111",
        "full_name": "T25 Pilot Number 1",
        "short_name": "T25 Pilot 1",
        "tier": "VIII",
        "class": "Medium",
        "type": "Collector",
        "price_credits": null,
        "price_xp": null,
        "price_gold": 7500,
        "restoration_credits": null,
        "restoration_gold": 7500,
        "sale_credits": null,
        "sale_gold": 3750
    },
    {
        "dev_id": 23329,
        "national_id": 91,
        "letter_id": null,
        "full_name": "M-III-Yoh",
        "short_name": "M-III-Yoh",
        "tier": "VIII",
        "class": "Heavy",
        "type": "Tech Tree",
        "price_credits": 2610000,
        "price_xp": 112000,
        "price_gold": null,
        "restoration_credits": null,
        "restoration_gold": null,
        "sale_credits": 1305000,
        "sale_gold": null
    },
    {
        "dev_id": 4385,
        "national_id": 17,
        "letter_id": "A12",
        "full_name": "T32",
        "short_name": "T32",
        "tier": "VIII",
        "class": "Heavy",
        "type": "Tech Tree",
        "price_credits": 2610000,
        "price_xp": 100000,
        "price_gold": null,
        "restoration_credits": null,
        "restoration_gold": null,
        "sale_credits": 1305000,
        "sale_gold": null
    },
    {
        "dev_id": 64801,
        "national_id": 253,
        "letter_id": "A13",
        "full_name": "T34 Independence",
        "short_name": "T34 (1776)",
        "tier": "VIII",
        "class": "Heavy",
        "type": "Premium",
        "price_credits": null,
        "price_xp": null,
        "price_gold": 7600,
        "restoration_credits": 3040000,
        "restoration_gold": ".",
        "sale_credits": 1520000,
        "sale_gold": null
    },
    {
        "dev_id": 53025,
        "national_id": 207,
        "letter_id": "A45",
        "full_name": "M6A2E1 EXP",
        "short_name": "M6A2E1 EXP",
        "tier": "VIII",
        "class": "Heavy",
        "type": "Premium",
        "price_credits": null,
        "price_xp": null,
        "price_gold": 7500,
        "restoration_credits": 3000000,
        "restoration_gold": null,
        "sale_credits": 1500000,
        "sale_gold": null
    },
    {
        "dev_id": 24865,
        "national_id": 97,
        "letter_id": null,
        "full_name": "Scepter",
        "short_name": "Scepter",
        "tier": "VIII",
        "class": "Heavy",
        "type": "Premium",
        "price_credits": null,
        "price_xp": null,
        "price_gold": 7500,
        "restoration_credits": 3000000,
        "restoration_gold": null,
        "sale_credits": 1500000,
        "sale_gold": null
    },
    {
        "dev_id": 19233,
        "national_id": 75,
        "letter_id": "A115",
        "full_name": "Chrysler K",
        "short_name": "Chrysler K",
        "tier": "VIII",
        "class": "Heavy",
        "type": "Premium",
        "price_credits": null,
        "price_xp": null,
        "price_gold": 7200,
        "restoration_credits": 2880000,
        "restoration_gold": null,
        "sale_credits": 1440000,
        "sale_gold": null
    },
    {
        "dev_id": 2849,
        "national_id": 11,
        "letter_id": "A13",
        "full_name": "T34",
        "short_name": "T34",
        "tier": "VIII",
        "class": "Heavy",
        "type": "Premium",
        "price_credits": null,
        "price_xp": null,
        "price_gold": 7600,
        "restoration_credits": 3040000,
        "restoration_gold": null,
        "sale_credits": 1520000,
        "sale_gold": null
    },
    {
        "dev_id": 25633,
        "national_id": 100,
        "letter_id": "A141",
        "full_name": "M-IV-Y",
        "short_name": "M-IV-Y",
        "tier": "VIII",
        "class": "Heavy",
        "type": "Collector",
        "price_credits": null,
        "price_xp": null,
        "price_gold": 7500,
        "restoration_credits": null,
        "restoration_gold": 7500,
        "sale_credits": null,
        "sale_gold": 3750
    },
    {
        "dev_id": 25377,
        "national_id": 99,
        "letter_id": "A132",
        "full_name": "T77",
        "short_name": "T77",
        "tier": "VIII",
        "class": "Heavy",
        "type": "Collector",
        "price_credits": null,
        "price_xp": null,
        "price_gold": 7500,
        "restoration_credits": null,
        "restoration_gold": 7500,
        "sale_credits": null,
        "sale_gold": 3750
    },
    {
        "dev_id": 20513,
        "national_id": 80,
        "letter_id": "A124",
        "full_name": "T54E2",
        "short_name": "T54E2",
        "tier": "VIII",
        "class": "Heavy",
        "type": "Collector",
        "price_credits": null,
        "price_xp": null,
        "price_gold": 7500,
        "restoration_credits": null,
        "restoration_gold": 7500,
        "sale_credits": null,
        "sale_gold": 3750
    },
    {
        "dev_id": 19745,
        "national_id": 77,
        "letter_id": "A117",
        "full_name": "T26E5",
        "short_name": "T26E5",
        "tier": "VIII",
        "class": "Heavy",
        "type": "Collector",
        "price_credits": null,
        "price_xp": null,
        "price_gold": 7500,
        "restoration_credits": null,
        "restoration_gold": 7500,
        "sale_credits": null,
        "sale_gold": 3750
    },
    {
        "dev_id": 11297,
        "national_id": 44,
        "letter_id": "A68",
        "full_name": "T28 Prototype",
        "short_name": "T28 Prot.",
        "tier": "VIII",
        "class": "TD",
        "type": "Tech Tree",
        "price_credits": 2650000,
        "price_xp": 102000,
        "price_gold": null,
        "restoration_credits": null,
        "restoration_gold": null,
        "sale_credits": 1325000,
        "sale_gold": null
    },
    {
        "dev_id": 8225,
        "national_id": 32,
        "letter_id": "A39",
        "full_name": "T28",
        "short_name": "T28",
        "tier": "VIII",
        "class": "TD",
        "type": "Tech Tree",
        "price_credits": 2580000,
        "price_xp": 71000,
        "price_gold": null,
        "restoration_credits": null,
        "restoration_gold": null,
        "sale_credits": 1290000,
        "sale_gold": null
    },
    {
        "dev_id": 22561,
        "national_id": 88,
        "letter_id": "A122",
        "full_name": "TS-5",
        "short_name": "TS-5",
        "tier": "VIII",
        "class": "TD",
        "type": "Premium",
        "price_credits": null,
        "price_xp": null,
        "price_gold": 7500,
        "restoration_credits": 3000000,
        "restoration_gold": null,
        "sale_credits": 1500000,
        "sale_gold": null
    },
    {
        "dev_id": 19489,
        "national_id": 76,
        "letter_id": "A68",
        "full_name": "T28 Defender",
        "short_name": "T28 Defender",
        "tier": "VIII",
        "class": "TD",
        "type": "Premium",
        "price_credits": null,
        "price_xp": null,
        "price_gold": 7200,
        "restoration_credits": 2880000,
        "restoration_gold": null,
        "sale_credits": 1440000,
        "sale_gold": null
    },
    {
        "dev_id": 28193,
        "national_id": 110,
        "letter_id": "A151",
        "full_name": "TS-60",
        "short_name": "TS-60",
        "tier": "VIII",
        "class": "TD",
        "type": "Collector",
        "price_credits": null,
        "price_xp": null,
        "price_gold": 7500,
        "restoration_credits": null,
        "restoration_gold": 7500,
        "sale_credits": null,
        "sale_gold": 3750
    },
    {
        "dev_id": 17953,
        "national_id": 70,
        "letter_id": "A97",
        "full_name": "M41 Walker Bulldog",
        "short_name": "M41 Bulldog",
        "tier": "VII",
        "class": "Light",
        "type": "Tech Tree",
        "price_credits": 1370000,
        "price_xp": 56300,
        "price_gold": null,
        "restoration_credits": null,
        "restoration_gold": null,
        "sale_credits": 685000,
        "sale_gold": null
    },
    {
        "dev_id": 15649,
        "national_id": 61,
        "letter_id": "A91",
        "full_name": "T71",
        "short_name": "T71",
        "tier": "VII",
        "class": "Light",
        "type": "Tech Tree",
        "price_credits": 1400000,
        "price_xp": 54500,
        "price_gold": null,
        "restoration_credits": null,
        "restoration_gold": null,
        "sale_credits": 700000,
        "sale_gold": null
    },
    {
        "dev_id": 6689,
        "national_id": 26,
        "letter_id": null,
        "full_name": "T49 ATM",
        "short_name": "T49 A",
        "tier": "VII",
        "class": "Light",
        "type": "Premium",
        "price_credits": null,
        "price_xp": null,
        "price_gold": 1,
        "restoration_credits": 400,
        "restoration_gold": null,
        "sale_credits": 200,
        "sale_gold": null
    },
    {
        "dev_id": 1569,
        "national_id": 6,
        "letter_id": "A07",
        "full_name": "T20",
        "short_name": "T20",
        "tier": "VII",
        "class": "Medium",
        "type": "Tech Tree",
        "price_credits": 1340000,
        "price_xp": 65490,
        "price_gold": null,
        "restoration_credits": null,
        "restoration_gold": null,
        "sale_credits": 670000,
        "sale_gold": null
    },
    {
        "dev_id": 21025,
        "national_id": 82,
        "letter_id": "A121",
        "full_name": "T26E3 Eagle 7",
        "short_name": "T26E3 Eagle 7",
        "tier": "VII",
        "class": "Medium",
        "type": "Premium",
        "price_credits": null,
        "price_xp": null,
        "price_gold": 5000,
        "restoration_credits": 2000000,
        "restoration_gold": null,
        "sale_credits": 1000000,
        "sale_gold": null
    },
    {
        "dev_id": 11809,
        "national_id": 46,
        "letter_id": "A86",
        "full_name": "T23E3",
        "short_name": "T23E3",
        "tier": "VII",
        "class": "Medium",
        "type": "Premium",
        "price_credits": null,
        "price_xp": null,
        "price_gold": 4900,
        "restoration_credits": 1960000,
        "restoration_gold": null,
        "sale_credits": 980000,
        "sale_gold": null
    },
    {
        "dev_id": 28961,
        "national_id": 113,
        "letter_id": null,
        "full_name": "Sherman Easy 8",
        "short_name": "Sherman Easy 8",
        "tier": "VII",
        "class": "Medium",
        "type": "Collector",
        "price_credits": null,
        "price_xp": null,
        "price_gold": 500,
        "restoration_credits": null,
        "restoration_gold": 1000,
        "sale_credits": null,
        "sale_gold": 500
    },
    {
        "dev_id": 28449,
        "national_id": 111,
        "letter_id": "A136",
        "full_name": "T42",
        "short_name": "T42",
        "tier": "VII",
        "class": "Medium",
        "type": "Collector",
        "price_credits": null,
        "price_xp": null,
        "price_gold": 5000,
        "restoration_credits": null,
        "restoration_gold": 5000,
        "sale_credits": null,
        "sale_gold": 2500
    },
    {
        "dev_id": 23585,
        "national_id": 92,
        "letter_id": null,
        "full_name": "M-VII-Yoh",
        "short_name": "M-VII-Yoh",
        "tier": "VII",
        "class": "Heavy",
        "type": "Tech Tree",
        "price_credits": 1450300,
        "price_xp": 66700,
        "price_gold": null,
        "restoration_credits": null,
        "restoration_gold": null,
        "sale_credits": 725150,
        "sale_gold": null
    },
    {
        "dev_id": 3873,
        "national_id": 15,
        "letter_id": "A11",
        "full_name": "T29",
        "short_name": "T29",
        "tier": "VII",
        "class": "Heavy",
        "type": "Tech Tree",
        "price_credits": 1450300,
        "price_xp": 55000,
        "price_gold": null,
        "restoration_credits": null,
        "restoration_gold": null,
        "sale_credits": 725150,
        "sale_gold": null
    },
    {
        "dev_id": 52513,
        "national_id": 205,
        "letter_id": "A45",
        "full_name": "M6A2E1",
        "short_name": "M6A2E1",
        "tier": "VII",
        "class": "Heavy",
        "type": "Premium",
        "price_credits": null,
        "price_xp": null,
        "price_gold": 5200,
        "restoration_credits": 2080000,
        "restoration_gold": null,
        "sale_credits": 1040000,
        "sale_gold": null
    },
    {
        "dev_id": 11041,
        "national_id": 43,
        "letter_id": "A72",
        "full_name": "T25/2",
        "short_name": "T25/2",
        "tier": "VII",
        "class": "TD",
        "type": "Tech Tree",
        "price_credits": 1364000,
        "price_xp": 49970,
        "price_gold": null,
        "restoration_credits": null,
        "restoration_gold": null,
        "sale_credits": 682000,
        "sale_gold": null
    },
    {
        "dev_id": 9249,
        "national_id": 36,
        "letter_id": "A64",
        "full_name": "T25 AT",
        "short_name": "T25 AT",
        "tier": "VII",
        "class": "TD",
        "type": "Tech Tree",
        "price_credits": 1327000,
        "price_xp": 59500,
        "price_gold": null,
        "restoration_credits": null,
        "restoration_gold": null,
        "sale_credits": 663500,
        "sale_gold": null
    },
    {
        "dev_id": 56609,
        "national_id": 221,
        "letter_id": "A102",
        "full_name": "T28 Concept",
        "short_name": "T28 HTC",
        "tier": "VII",
        "class": "TD",
        "type": "Collector",
        "price_credits": null,
        "price_xp": null,
        "price_gold": 5000,
        "restoration_credits": null,
        "restoration_gold": 5000,
        "sale_credits": null,
        "sale_gold": 2500
    },
    {
        "dev_id": 23841,
        "national_id": 93,
        "letter_id": "A130",
        "full_name": "Super Hellcat",
        "short_name": "Super Hellcat",
        "tier": "VII",
        "class": "TD",
        "type": "Collector",
        "price_credits": null,
        "price_xp": null,
        "price_gold": 5000,
        "restoration_credits": null,
        "restoration_gold": 5000,
        "sale_credits": null,
        "sale_gold": 2500
    },
    {
        "dev_id": 16673,
        "national_id": 65,
        "letter_id": "A94",
        "full_name": "T37",
        "short_name": "T37",
        "tier": "VI",
        "class": "Light",
        "type": "Tech Tree",
        "price_credits": 910000,
        "price_xp": 31500,
        "price_gold": null,
        "restoration_credits": null,
        "restoration_gold": null,
        "sale_credits": 455000,
        "sale_gold": null
    },
    {
        "dev_id": 9761,
        "national_id": 38,
        "letter_id": "A34",
        "full_name": "M24 Chaffee",
        "short_name": "Chaffee",
        "tier": "VI",
        "class": "Light",
        "type": "Tech Tree",
        "price_credits": 900000,
        "price_xp": 31500,
        "price_gold": null,
        "restoration_credits": null,
        "restoration_gold": null,
        "sale_credits": 450000,
        "sale_gold": null
    },
    {
        "dev_id": 26913,
        "national_id": 105,
        "letter_id": null,
        "full_name": "Frosty",
        "short_name": "Frosty",
        "tier": "VI",
        "class": "Light",
        "type": "Collector",
        "price_credits": null,
        "price_xp": null,
        "price_gold": 500,
        "restoration_credits": null,
        "restoration_gold": 1000,
        "sale_credits": null,
        "sale_gold": 500
    },
    {
        "dev_id": 25889,
        "national_id": 101,
        "letter_id": null,
        "full_name": "Ranger",
        "short_name": "Ranger",
        "tier": "VI",
        "class": "Light",
        "type": "Collector",
        "price_credits": null,
        "price_xp": null,
        "price_gold": 500,
        "restoration_credits": null,
        "restoration_gold": 1000,
        "sale_credits": null,
        "sale_gold": 500
    },
    {
        "dev_id": 15137,
        "national_id": 59,
        "letter_id": "A71",
        "full_name": "T21",
        "short_name": "T21",
        "tier": "VI",
        "class": "Light",
        "type": "Collector",
        "price_credits": null,
        "price_xp": null,
        "price_gold": 500,
        "restoration_credits": null,
        "restoration_gold": 1000,
        "sale_credits": null,
        "sale_gold": 500
    },
    {
        "dev_id": 1313,
        "national_id": 5,
        "letter_id": "A06",
        "full_name": "M4A3E8 Sherman",
        "short_name": "M4A3E8",
        "tier": "VI",
        "class": "Medium",
        "type": "Tech Tree",
        "price_credits": 930500,
        "price_xp": 28500,
        "price_gold": null,
        "restoration_credits": null,
        "restoration_gold": null,
        "sale_credits": 465250,
        "sale_gold": null
    },
    {
        "dev_id": 56097,
        "national_id": 219,
        "letter_id": "A104",
        "full_name": "M4A3E8 Fury",
        "short_name": "Fury",
        "tier": "VI",
        "class": "Medium",
        "type": "Premium",
        "price_credits": null,
        "price_xp": null,
        "price_gold": 4000,
        "restoration_credits": 1600000,
        "restoration_gold": null,
        "sale_credits": 800000,
        "sale_gold": null
    },
    {
        "dev_id": 24097,
        "national_id": 94,
        "letter_id": null,
        "full_name": "BLTZ9000",
        "short_name": "BLTZ9000",
        "tier": "VI",
        "class": "Medium",
        "type": "Collector",
        "price_credits": null,
        "price_xp": null,
        "price_gold": 500,
        "restoration_credits": null,
        "restoration_gold": 1000,
        "sale_credits": null,
        "sale_gold": 500
    },
    {
        "dev_id": 21537,
        "national_id": 84,
        "letter_id": null,
        "full_name": "Sherman Easy 8",
        "short_name": "Sherman Easy 8",
        "tier": "VI",
        "class": "Medium",
        "type": "Collector",
        "price_credits": null,
        "price_xp": null,
        "price_gold": 10,
        "restoration_credits": null,
        "restoration_gold": 20,
        "sale_credits": null,
        "sale_gold": 10
    },
    {
        "dev_id": 21281,
        "national_id": 83,
        "letter_id": null,
        "full_name": "Rudolph",
        "short_name": "Rudolph",
        "tier": "VI",
        "class": "Medium",
        "type": "Collector",
        "price_credits": null,
        "price_xp": null,
        "price_gold": 500,
        "restoration_credits": null,
        "restoration_gold": 1000,
        "sale_credits": null,
        "sale_gold": 500
    },
    {
        "dev_id": 10017,
        "national_id": 39,
        "letter_id": "A36",
        "full_name": "M4A3E2 Sherman Jumbo",
        "short_name": "M4A3E2",
        "tier": "VI",
        "class": "Medium",
        "type": "Collector",
        "price_credits": null,
        "price_xp": null,
        "price_gold": 500,
        "restoration_credits": null,
        "restoration_gold": 1000,
        "sale_credits": null,
        "sale_gold": 500
    },
    {
        "dev_id": 801,
        "national_id": 3,
        "letter_id": "A10",
        "full_name": "M6",
        "short_name": "M6",
        "tier": "VI",
        "class": "Heavy",
        "type": "Tech Tree",
        "price_credits": 885000,
        "price_xp": 25000,
        "price_gold": null,
        "restoration_credits": null,
        "restoration_gold": null,
        "sale_credits": 442500,
        "sale_gold": null
    },
    {
        "dev_id": 27681,
        "national_id": 108,
        "letter_id": "A142",
        "full_name": "Pawlack Tank",
        "short_name": "Pawlack Tank",
        "tier": "VI",
        "class": "Heavy",
        "type": "Collector",
        "price_credits": null,
        "price_xp": null,
        "price_gold": 3500,
        "restoration_credits": null,
        "restoration_gold": 3500,
        "sale_credits": null,
        "sale_gold": 1750
    },
    {
        "dev_id": 27169,
        "national_id": 106,
        "letter_id": null,
        "full_name": "Cyborg",
        "short_name": "Cyborg",
        "tier": "VI",
        "class": "Heavy",
        "type": "Collector",
        "price_credits": null,
        "price_xp": null,
        "price_gold": 500,
        "restoration_credits": null,
        "restoration_gold": 1000,
        "sale_credits": null,
        "sale_gold": 500
    },
    {
        "dev_id": 22049,
        "national_id": 86,
        "letter_id": null,
        "full_name": "Magnus",
        "short_name": "Magnus",
        "tier": "VI",
        "class": "Heavy",
        "type": "Collector",
        "price_credits": null,
        "price_xp": null,
        "price_gold": 500,
        "restoration_credits": null,
        "restoration_gold": 1000,
        "sale_credits": null,
        "sale_gold": 500
    },
    {
        "dev_id": 11553,
        "national_id": 45,
        "letter_id": "A41",
        "full_name": "M18 Hellcat",
        "short_name": "Hellcat",
        "tier": "VI",
        "class": "TD",
        "type": "Tech Tree",
        "price_credits": 950000,
        "price_xp": 25000,
        "price_gold": null,
        "restoration_credits": null,
        "restoration_gold": null,
        "sale_credits": 475000,
        "sale_gold": null
    },
    {
        "dev_id": 7201,
        "national_id": 28,
        "letter_id": "A31",
        "full_name": "M36 Jackson",
        "short_name": "Jackson",
        "tier": "VI",
        "class": "TD",
        "type": "Tech Tree",
        "price_credits": 884200,
        "price_xp": 25000,
        "price_gold": null,
        "restoration_credits": null,
        "restoration_gold": null,
        "sale_credits": 442100,
        "sale_gold": null
    },
    {
        "dev_id": 26401,
        "national_id": 103,
        "letter_id": null,
        "full_name": "Enforcer",
        "short_name": "Enforcer",
        "tier": "VI",
        "class": "TD",
        "type": "Collector",
        "price_credits": null,
        "price_xp": null,
        "price_gold": 500,
        "restoration_credits": null,
        "restoration_gold": 1000,
        "sale_credits": null,
        "sale_gold": 500
    },
    {
        "dev_id": 1057,
        "national_id": 4,
        "letter_id": "A05",
        "full_name": "M4 Sherman",
        "short_name": "M4 Sherman",
        "tier": "V",
        "class": "Medium",
        "type": "Tech Tree",
        "price_credits": 400000,
        "price_xp": 10500,
        "price_gold": null,
        "restoration_credits": null,
        "restoration_gold": null,
        "sale_credits": 200000,
        "sale_gold": null
    },
    {
        "dev_id": 51745,
        "national_id": 202,
        "letter_id": "A62",
        "full_name": "Ram II",
        "short_name": "Ram II",
        "tier": "V",
        "class": "Medium",
        "type": "Premium",
        "price_credits": null,
        "price_xp": null,
        "price_gold": 1750,
        "restoration_credits": 700000,
        "restoration_gold": null,
        "sale_credits": 350000,
        "sale_gold": null
    },
    {
        "dev_id": 52257,
        "national_id": 204,
        "letter_id": "A44",
        "full_name": "M4A2E4 Sherman",
        "short_name": "M4A2E4",
        "tier": "V",
        "class": "Medium",
        "type": "Collector",
        "price_credits": null,
        "price_xp": null,
        "price_gold": 1750,
        "restoration_credits": null,
        "restoration_gold": 4700,
        "sale_credits": null,
        "sale_gold": 2350
    },
    {
        "dev_id": 26145,
        "national_id": 102,
        "letter_id": "A05",
        "full_name": "High Score",
        "short_name": "High Score",
        "tier": "V",
        "class": "Medium",
        "type": "Collector",
        "price_credits": null,
        "price_xp": null,
        "price_gold": 250,
        "restoration_credits": null,
        "restoration_gold": 500,
        "sale_credits": null,
        "sale_gold": 250
    },
    {
        "dev_id": 3361,
        "national_id": 13,
        "letter_id": "A09",
        "full_name": "T1 Heavy Tank",
        "short_name": "T1 Heavy",
        "tier": "V",
        "class": "Heavy",
        "type": "Tech Tree",
        "price_credits": 400000,
        "price_xp": 10500,
        "price_gold": null,
        "restoration_credits": null,
        "restoration_gold": null,
        "sale_credits": 200000,
        "sale_gold": null
    },
    {
        "dev_id": 33,
        "national_id": 0,
        "letter_id": "A21",
        "full_name": "T14",
        "short_name": "T14",
        "tier": "V",
        "class": "Heavy",
        "type": "Premium",
        "price_credits": null,
        "price_xp": null,
        "price_gold": 2500,
        "restoration_credits": 1000000,
        "restoration_gold": null,
        "sale_credits": 500000,
        "sale_gold": null
    },
    {
        "dev_id": 6945,
        "national_id": 27,
        "letter_id": "A30",
        "full_name": "M10 Wolverine",
        "short_name": "Wolverine",
        "tier": "V",
        "class": "TD",
        "type": "Tech Tree",
        "price_credits": 400000,
        "price_xp": 7000,
        "price_gold": null,
        "restoration_credits": null,
        "restoration_gold": null,
        "sale_credits": 200000,
        "sale_gold": null
    },
    {
        "dev_id": 10529,
        "national_id": 41,
        "letter_id": "A58",
        "full_name": "T67",
        "short_name": "T67",
        "tier": "V",
        "class": "TD",
        "type": "Collector",
        "price_credits": null,
        "price_xp": null,
        "price_gold": 250,
        "restoration_credits": null,
        "restoration_gold": 500,
        "sale_credits": null,
        "sale_gold": 250
    },
    {
        "dev_id": 5409,
        "national_id": 21,
        "letter_id": "A23",
        "full_name": "M7",
        "short_name": "M7",
        "tier": "IV",
        "class": "Medium",
        "type": "Tech Tree",
        "price_credits": 85000,
        "price_xp": 2500,
        "price_gold": null,
        "restoration_credits": null,
        "restoration_gold": null,
        "sale_credits": 42500,
        "sale_gold": null
    },
    {
        "dev_id": 12321,
        "national_id": 48,
        "letter_id": "A77",
        "full_name": "T6E1 Grizzly",
        "short_name": "T6E1 Grizzly",
        "tier": "IV",
        "class": "Medium",
        "type": "Premium",
        "price_credits": null,
        "price_xp": null,
        "price_gold": 1500,
        "restoration_credits": 600000,
        "restoration_gold": null,
        "sale_credits": 300000,
        "sale_gold": null
    },
    {
        "dev_id": 3105,
        "national_id": 12,
        "letter_id": "A04",
        "full_name": "M3 Lee",
        "short_name": "M3 Lee",
        "tier": "IV",
        "class": "Medium",
        "type": "Collector",
        "price_credits": null,
        "price_xp": null,
        "price_gold": 100,
        "restoration_credits": null,
        "restoration_gold": 200,
        "sale_credits": null,
        "sale_gold": 100
    },
    {
        "dev_id": 10273,
        "national_id": 40,
        "letter_id": "A57",
        "full_name": "M8A1",
        "short_name": "M8A1",
        "tier": "IV",
        "class": "TD",
        "type": "Tech Tree",
        "price_credits": 85000,
        "price_xp": 2500,
        "price_gold": null,
        "restoration_credits": null,
        "restoration_gold": null,
        "sale_credits": 42500,
        "sale_gold": null
    },
    {
        "dev_id": 7713,
        "national_id": 30,
        "letter_id": "A29",
        "full_name": "T40",
        "short_name": "T40",
        "tier": "IV",
        "class": "TD",
        "type": "Collector",
        "price_credits": null,
        "price_xp": null,
        "price_gold": 100,
        "restoration_credits": null,
        "restoration_gold": 200,
        "sale_credits": null,
        "sale_gold": 100
    },
    {
        "dev_id": 5153,
        "national_id": 20,
        "letter_id": "A22",
        "full_name": "M5 Stuart",
        "short_name": "M5 Stuart",
        "tier": "III",
        "class": "Light",
        "type": "Tech Tree",
        "price_credits": 6000,
        "price_xp": 700,
        "price_gold": null,
        "restoration_credits": null,
        "restoration_gold": null,
        "sale_credits": 3000,
        "sale_gold": null
    },
    {
        "dev_id": 52769,
        "national_id": 206,
        "letter_id": "A43",
        "full_name": "M22 Locust",
        "short_name": "Locust",
        "tier": "III",
        "class": "Light",
        "type": "Collector",
        "price_credits": null,
        "price_xp": null,
        "price_gold": 1000,
        "restoration_credits": null,
        "restoration_gold": 2000,
        "sale_credits": null,
        "sale_gold": 1000
    },
    {
        "dev_id": 4897,
        "national_id": 19,
        "letter_id": "A25",
        "full_name": "M2 Medium Tank",
        "short_name": "M2 Medium",
        "tier": "III",
        "class": "Medium",
        "type": "Collector",
        "price_credits": null,
        "price_xp": null,
        "price_gold": 50,
        "restoration_credits": null,
        "restoration_gold": 100,
        "sale_credits": null,
        "sale_gold": 50
    },
    {
        "dev_id": 6433,
        "national_id": 25,
        "letter_id": "A27",
        "full_name": "T82",
        "short_name": "T82",
        "tier": "III",
        "class": "TD",
        "type": "Collector",
        "price_credits": null,
        "price_xp": null,
        "price_gold": 50,
        "restoration_credits": null,
        "restoration_gold": 100,
        "sale_credits": null,
        "sale_gold": 50
    },
    {
        "dev_id": 289,
        "national_id": 1,
        "letter_id": "A03",
        "full_name": "M3 Stuart",
        "short_name": "M3 Stuart",
        "tier": "II",
        "class": "Light",
        "type": "Tech Tree",
        "price_credits": 1200,
        "price_xp": 210,
        "price_gold": null,
        "restoration_credits": null,
        "restoration_gold": null,
        "sale_credits": 600,
        "sale_gold": null
    },
    {
        "dev_id": 55073,
        "national_id": 215,
        "letter_id": "A93",
        "full_name": "T7 Combat Car",
        "short_name": "T7 Car",
        "tier": "II",
        "class": "Light",
        "type": "Collector",
        "price_credits": null,
        "price_xp": null,
        "price_gold": 650,
        "restoration_credits": null,
        "restoration_gold": 1300,
        "sale_credits": null,
        "sale_gold": 650
    },
    {
        "dev_id": 53537,
        "national_id": 209,
        "letter_id": "A74",
        "full_name": "T1E6",
        "short_name": "T1E6",
        "tier": "II",
        "class": "Light",
        "type": "Collector",
        "price_credits": null,
        "price_xp": null,
        "price_gold": 750,
        "restoration_credits": null,
        "restoration_gold": 1500,
        "sale_credits": null,
        "sale_gold": 750
    },
    {
        "dev_id": 51489,
        "national_id": 201,
        "letter_id": "A19",
        "full_name": "T2 Light Tank",
        "short_name": "T2 Light",
        "tier": "II",
        "class": "Light",
        "type": "Collector",
        "price_credits": null,
        "price_xp": null,
        "price_gold": 650,
        "restoration_credits": null,
        "restoration_gold": 1300,
        "sale_credits": null,
        "sale_gold": 650
    },
    {
        "dev_id": 5665,
        "national_id": 22,
        "letter_id": "A24",
        "full_name": "T2 Medium Tank",
        "short_name": "T2 Medium",
        "tier": "II",
        "class": "Medium",
        "type": "Collector",
        "price_credits": null,
        "price_xp": null,
        "price_gold": 25,
        "restoration_credits": null,
        "restoration_gold": 50,
        "sale_credits": null,
        "sale_gold": 25
    },
    {
        "dev_id": 6177,
        "national_id": 24,
        "letter_id": "A26",
        "full_name": "T18",
        "short_name": "T18",
        "tier": "II",
        "class": "TD",
        "type": "Collector",
        "price_credits": null,
        "price_xp": null,
        "price_gold": 25,
        "restoration_credits": null,
        "restoration_gold": 50,
        "sale_credits": null,
        "sale_gold": 25
    },
    {
        "dev_id": 1825,
        "national_id": 7,
        "letter_id": "A02",
        "full_name": "M2 Light Tank",
        "short_name": "M2 Light",
        "tier": "I",
        "class": "Light",
        "type": "Tech Tree",
        "price_credits": 0,
        "price_xp": 550,
        "price_gold": null,
        "restoration_credits": null,
        "restoration_gold": null,
        "sale_credits": 0,
        "sale_gold": null
    },
    {
        "dev_id": 545,
        "national_id": 2,
        "letter_id": "A01",
        "full_name": "T1 Cunningham",
        "short_name": "T1",
        "tier": "I",
        "class": "Light",
        "type": "Tech Tree",
        "price_credits": 0,
        "price_xp": 0,
        "price_gold": null,
        "restoration_credits": null,
        "restoration_gold": null,
        "sale_credits": 0,
        "sale_gold": null
    }
]