[
    {
        "dev_id": 24321,
        "national_id": 95,
        "letter_id": "R132",
        "full_name": "T-100 LT",
        "short_name": "T-100 LT",
        "tier": "X",
        "class": "Light",
        "type": "Tech Tree",
        "price_credits": 6100000,
        "price_xp": 280000,
        "price_gold": "-",
        "restoration_credits": "-",
        "restoration_gold": "-",
        "sale_credits": 3050000,
        "sale_gold ": "- "
    },
    {
        "dev_id": 16897,
        "national_id": 66,
        "letter_id": "R97",
        "full_name": "Object 140",
        "short_name": "Obj. 140",
        "tier": "X",
        "class": "Medium",
        "type": "Tech Tree",
        "price_credits": 6100000,
        "price_xp": 280000,
        "price_gold": "-",
        "restoration_credits": "-",
        "restoration_gold": "-",
        "sale_credits": 3050000,
        "sale_gold ": "- "
    },
    {
        "dev_id": 13825,
        "national_id": 54,
        "letter_id": "R87",
        "full_name": "T-62A",
        "short_name": "T-62A",
        "tier": "X",
        "class": "Medium",
        "type": "Tech Tree",
        "price_credits": 6100000,
        "price_xp": 275000,
        "price_gold": "-",
        "restoration_credits": "-",
        "restoration_gold": "-",
        "sale_credits": 3050000,
        "sale_gold ": "- "
    },
    {
        "dev_id": 19969,
        "national_id": 78,
        "letter_id": "R120",
        "full_name": "T-22 medium",
        "short_name": "T-22 medium",
        "tier": "X",
        "class": "Medium",
        "type": "Collector",
        "price_credits": "-",
        "price_xp": "-",
        "price_gold": 30000,
        "restoration_credits": "-",
        "restoration_gold": 15000,
        "sale_credits": "-",
        "sale_gold ": 7500
    },
    {
        "dev_id": 15617,
        "national_id": 61,
        "letter_id": "R95",
        "full_name": "Object 907",
        "short_name": "Obj. 907",
        "tier": "X",
        "class": "Medium",
        "type": "Collector",
        "price_credits": "-",
        "price_xp": "-",
        "price_gold": 15000,
        "restoration_credits": "-",
        "restoration_gold": 15000,
        "sale_credits": "-",
        "sale_gold ": 7500
    },
    {
        "dev_id": 7169,
        "national_id": 28,
        "letter_id": "R45",
        "full_name": "IS-7",
        "short_name": "IS-7",
        "tier": "X",
        "class": "Heavy",
        "type": "Tech Tree",
        "price_credits": 6100000,
        "price_xp": 250000,
        "price_gold": "-",
        "restoration_credits": "-",
        "restoration_gold": "-",
        "sale_credits": 3050000,
        "sale_gold ": "- "
    },
    {
        "dev_id": 6145,
        "national_id": 24,
        "letter_id": "R90",
        "full_name": "IS-4",
        "short_name": "IS-4",
        "tier": "X",
        "class": "Heavy",
        "type": "Tech Tree",
        "price_credits": 6100000,
        "price_xp": 236250,
        "price_gold": "-",
        "restoration_credits": "-",
        "restoration_gold": "-",
        "sale_credits": 3050000,
        "sale_gold ": "- "
    },
    {
        "dev_id": 25857,
        "national_id": 101,
        "letter_id": "R119",
        "full_name": "Object 777 Version II",
        "short_name": "Obj. 777 II",
        "tier": "X",
        "class": "Heavy",
        "type": "Collector",
        "price_credits": "-",
        "price_xp": "-",
        "price_gold": 15000,
        "restoration_credits": "-",
        "restoration_gold": 15000,
        "sale_credits": "-",
        "sale_gold ": 7500
    },
    {
        "dev_id": 22273,
        "national_id": 87,
        "letter_id": "R110",
        "full_name": "Object 260",
        "short_name": "Obj. 260",
        "tier": "X",
        "class": "Heavy",
        "type": "Collector",
        "price_credits": "-",
        "price_xp": "-",
        "price_gold": 15000,
        "restoration_credits": "-",
        "restoration_gold": 15000,
        "sale_credits": "-",
        "sale_gold ": 7500
    },
    {
        "dev_id": 14337,
        "national_id": 56,
        "letter_id": "R93",
        "full_name": "Object 263",
        "short_name": "Obj. 263",
        "tier": "X",
        "class": "TD",
        "type": "Tech Tree",
        "price_credits": 6100000,
        "price_xp": 275000,
        "price_gold": "-",
        "restoration_credits": "-",
        "restoration_gold": "-",
        "sale_credits": 3050000,
        "sale_gold ": "- "
    },
    {
        "dev_id": 13569,
        "national_id": 53,
        "letter_id": "R88",
        "full_name": "Object 268",
        "short_name": "Obj. 268",
        "tier": "X",
        "class": "TD",
        "type": "Tech Tree",
        "price_credits": 6100000,
        "price_xp": 350000,
        "price_gold": "-",
        "restoration_credits": "-",
        "restoration_gold": "-",
        "sale_credits": 3050000,
        "sale_gold ": "- "
    },
    {
        "dev_id": 24577,
        "national_id": 96,
        "letter_id": "R149",
        "full_name": "Object 268 Version 4",
        "short_name": "Object 268/4",
        "tier": "X",
        "class": "TD",
        "type": "Collector",
        "price_credits": "-",
        "price_xp": "-",
        "price_gold": 15000,
        "restoration_credits": "-",
        "restoration_gold": 15000,
        "sale_credits": "-",
        "sale_gold ": 7500
    },
    {
        "dev_id": 23809,
        "national_id": 93,
        "letter_id": "-",
        "full_name": "Object 84",
        "short_name": "Object 84",
        "tier": "IX",
        "class": "Light",
        "type": "Tech Tree",
        "price_credits": 3450000,
        "price_xp": 192200,
        "price_gold": "-",
        "restoration_credits": "-",
        "restoration_gold": "-",
        "sale_credits": 1725000,
        "sale_gold ": "- "
    },
    {
        "dev_id": 7937,
        "national_id": 31,
        "letter_id": "R40",
        "full_name": "T-54",
        "short_name": "T-54",
        "tier": "IX",
        "class": "Medium",
        "type": "Tech Tree",
        "price_credits": 3450000,
        "price_xp": 192200,
        "price_gold": "-",
        "restoration_credits": "-",
        "restoration_gold": "-",
        "sale_credits": 1725000,
        "sale_gold ": "- "
    },
    {
        "dev_id": 11521,
        "national_id": 45,
        "letter_id": "R81",
        "full_name": "IS-8",
        "short_name": "IS-8",
        "tier": "IX",
        "class": "Heavy",
        "type": "Tech Tree",
        "price_credits": 3531000,
        "price_xp": 164700,
        "price_gold": "-",
        "restoration_credits": "-",
        "restoration_gold": "-",
        "sale_credits": 1765500,
        "sale_gold ": "- "
    },
    {
        "dev_id": 10753,
        "national_id": 42,
        "letter_id": "R63",
        "full_name": "ST-I",
        "short_name": "ST-I",
        "tier": "IX",
        "class": "Heavy",
        "type": "Tech Tree",
        "price_credits": 3561000,
        "price_xp": 166000,
        "price_gold": "-",
        "restoration_credits": "-",
        "restoration_gold": "-",
        "sale_credits": 1780500,
        "sale_gold ": "- "
    },
    {
        "dev_id": 26113,
        "national_id": 102,
        "letter_id": "R181",
        "full_name": "Object 452K",
        "short_name": "Object 452K",
        "tier": "IX",
        "class": "Heavy",
        "type": "Collector",
        "price_credits": "-",
        "price_xp": "-",
        "price_gold": 10000,
        "restoration_credits": "-",
        "restoration_gold": 10000,
        "sale_credits": "-",
        "sale_gold ": 5000
    },
    {
        "dev_id": 25089,
        "national_id": 98,
        "letter_id": "R172",
        "full_name": "Object 752",
        "short_name": "Object 752",
        "tier": "IX",
        "class": "Heavy",
        "type": "Collector",
        "price_credits": "-",
        "price_xp": "-",
        "price_gold": 10000,
        "restoration_credits": "-",
        "restoration_gold": 10000,
        "sale_credits": "-",
        "sale_gold ": 5000
    },
    {
        "dev_id": 12545,
        "national_id": 49,
        "letter_id": "-",
        "full_name": "K-91",
        "short_name": "K-91",
        "tier": "IX",
        "class": "Heavy",
        "type": "Collector",
        "price_credits": "-",
        "price_xp": "-",
        "price_gold": 10000,
        "restoration_credits": "-",
        "restoration_gold": 10000,
        "sale_credits": "-",
        "sale_gold ": 5000
    },
    {
        "dev_id": 12033,
        "national_id": 47,
        "letter_id": "R75",
        "full_name": "SU-122-54",
        "short_name": "SU-122-54",
        "tier": "IX",
        "class": "TD",
        "type": "Tech Tree",
        "price_credits": 3510000,
        "price_xp": 150000,
        "price_gold": "-",
        "restoration_credits": "-",
        "restoration_gold": "-",
        "sale_credits": 1755000,
        "sale_gold ": "- "
    },
    {
        "dev_id": 8193,
        "national_id": 32,
        "letter_id": "R53",
        "full_name": "Object 704",
        "short_name": "Obj. 704",
        "tier": "IX",
        "class": "TD",
        "type": "Tech Tree",
        "price_credits": 3660000,
        "price_xp": 176500,
        "price_gold": "-",
        "restoration_credits": "-",
        "restoration_gold": "-",
        "sale_credits": 1830000,
        "sale_gold ": "- "
    },
    {
        "dev_id": 18177,
        "national_id": 71,
        "letter_id": "R109",
        "full_name": "T-54 ltwt.",
        "short_name": "T-54 ltwt.",
        "tier": "VIII",
        "class": "Light",
        "type": "Tech Tree",
        "price_credits": 2410000,
        "price_xp": 96300,
        "price_gold": "-",
        "restoration_credits": "-",
        "restoration_gold": "-",
        "sale_credits": 1205000,
        "sale_gold ": "- "
    },
    {
        "dev_id": 22529,
        "national_id": 88,
        "letter_id": "R158",
        "full_name": "LT-432",
        "short_name": "LT-432",
        "tier": "VIII",
        "class": "Light",
        "type": "Premium",
        "price_credits": "-",
        "price_xp": "-",
        "price_gold": 7000,
        "restoration_credits": 2800000,
        "restoration_gold": "-",
        "sale_credits": 1400000,
        "sale_gold ": "- "
    },
    {
        "dev_id": 4353,
        "national_id": 17,
        "letter_id": "R20",
        "full_name": "T-44",
        "short_name": "T-44",
        "tier": "VIII",
        "class": "Medium",
        "type": "Tech Tree",
        "price_credits": 2390000,
        "price_xp": 93653,
        "price_gold": "-",
        "restoration_credits": "-",
        "restoration_gold": "-",
        "sale_credits": 1195000,
        "sale_gold ": "- "
    },
    {
        "dev_id": 62977,
        "national_id": 246,
        "letter_id": "R127",
        "full_name": "T-44-100",
        "short_name": "T-44-100",
        "tier": "VIII",
        "class": "Medium",
        "type": "Premium",
        "price_credits": "-",
        "price_xp": "-",
        "price_gold": 7200,
        "restoration_credits": 2880000,
        "restoration_gold": "-",
        "sale_credits": 1440000,
        "sale_gold ": "- "
    },
    {
        "dev_id": 59905,
        "national_id": 234,
        "letter_id": "R112",
        "full_name": "T-54 first prototype",
        "short_name": "T-54 mod. 1",
        "tier": "VIII",
        "class": "Medium",
        "type": "Premium",
        "price_credits": "-",
        "price_xp": "-",
        "price_gold": 7300,
        "restoration_credits": 2920000,
        "restoration_gold": "-",
        "sale_credits": 1460000,
        "sale_gold ": "- "
    },
    {
        "dev_id": 25345,
        "national_id": 99,
        "letter_id": "R180",
        "full_name": "Object 274a",
        "short_name": "Object 274a",
        "tier": "VIII",
        "class": "Medium",
        "type": "Premium",
        "price_credits": "-",
        "price_xp": "-",
        "price_gold": 7300,
        "restoration_credits": 2920000,
        "restoration_gold": "-",
        "sale_credits": 1460000,
        "sale_gold ": "- "
    },
    {
        "dev_id": 21761,
        "national_id": 85,
        "letter_id": "R146",
        "full_name": "STG",
        "short_name": "STG",
        "tier": "VIII",
        "class": "Medium",
        "type": "Premium",
        "price_credits": "-",
        "price_xp": "-",
        "price_gold": 7300,
        "restoration_credits": 2920000,
        "restoration_gold": "-",
        "sale_credits": 1460000,
        "sale_gold ": "- "
    },
    {
        "dev_id": 26881,
        "national_id": 105,
        "letter_id": "R187",
        "full_name": "Object 590",
        "short_name": "Obj. 590",
        "tier": "VIII",
        "class": "Medium",
        "type": "Collector",
        "price_credits": "-",
        "price_xp": "-",
        "price_gold": 7500,
        "restoration_credits": "-",
        "restoration_gold": 7500,
        "sale_credits": "-",
        "sale_gold ": 3750
    },
    {
        "dev_id": 26369,
        "national_id": 103,
        "letter_id": "R194",
        "full_name": "ST-62 Version 2",
        "short_name": "ST-62 Ver. 2",
        "tier": "VIII",
        "class": "Medium",
        "type": "Collector",
        "price_credits": "-",
        "price_xp": "-",
        "price_gold": 7500,
        "restoration_credits": "-",
        "restoration_gold": 7500,
        "sale_credits": "-",
        "sale_gold ": 3750
    },
    {
        "dev_id": 11009,
        "national_id": 43,
        "letter_id": "R73",
        "full_name": "KV-4",
        "short_name": "KV-4",
        "tier": "VIII",
        "class": "Heavy",
        "type": "Tech Tree",
        "price_credits": 2430000,
        "price_xp": 72000,
        "price_gold": "-",
        "restoration_credits": "-",
        "restoration_gold": "-",
        "sale_credits": 1215000,
        "sale_gold ": "- "
    },
    {
        "dev_id": 5377,
        "national_id": 21,
        "letter_id": "R19",
        "full_name": "IS-3",
        "short_name": "IS-3",
        "tier": "VIII",
        "class": "Heavy",
        "type": "Tech Tree",
        "price_credits": 2568500,
        "price_xp": 77000,
        "price_gold": "-",
        "restoration_credits": "-",
        "restoration_gold": "-",
        "sale_credits": 1284250,
        "sale_gold ": "- "
    },
    {
        "dev_id": 64769,
        "national_id": 253,
        "letter_id": "R61",
        "full_name": "IS-6 Fearless",
        "short_name": "IS-6 Fearless",
        "tier": "VIII",
        "class": "Heavy",
        "type": "Premium",
        "price_credits": "-",
        "price_xp": "-",
        "price_gold": 7600,
        "restoration_credits": 3040000,
        "restoration_gold": "-",
        "sale_credits": 1520000,
        "sale_gold ": "- "
    },
    {
        "dev_id": 58881,
        "national_id": 230,
        "letter_id": "R113",
        "full_name": "IS-5 (Object 730)",
        "short_name": "IS-5",
        "tier": "VIII",
        "class": "Heavy",
        "type": "Premium",
        "price_credits": "-",
        "price_xp": "-",
        "price_gold": 1500,
        "restoration_credits": 600000,
        "restoration_gold": "-",
        "sale_credits": 300000,
        "sale_gold ": "- "
    },
    {
        "dev_id": 53249,
        "national_id": 208,
        "letter_id": "R54",
        "full_name": "KV-5",
        "short_name": "KV-5",
        "tier": "VIII",
        "class": "Heavy",
        "type": "Premium",
        "price_credits": "-",
        "price_xp": "-",
        "price_gold": 7550,
        "restoration_credits": 3020000,
        "restoration_gold": "-",
        "sale_credits": 1510000,
        "sale_gold ": "- "
    },
    {
        "dev_id": 9217,
        "national_id": 36,
        "letter_id": "R61",
        "full_name": "IS-6",
        "short_name": "IS-6",
        "tier": "VIII",
        "class": "Heavy",
        "type": "Premium",
        "price_credits": "-",
        "price_xp": "-",
        "price_gold": 7600,
        "restoration_credits": 3040000,
        "restoration_gold": "-",
        "sale_credits": 1520000,
        "sale_gold ": "- "
    },
    {
        "dev_id": 60417,
        "national_id": 236,
        "letter_id": "R115",
        "full_name": "IS-3 Defender",
        "short_name": "IS-3 Defender",
        "tier": "VIII",
        "class": "Heavy",
        "type": "Collector",
        "price_credits": "-",
        "price_xp": "-",
        "price_gold": 7500,
        "restoration_credits": "-",
        "restoration_gold": 7500,
        "sale_credits": "-",
        "sale_gold ": 3750
    },
    {
        "dev_id": 60161,
        "national_id": 235,
        "letter_id": "R139",
        "full_name": "IS-2Sh",
        "short_name": "IS-2Sh",
        "tier": "VIII",
        "class": "Heavy",
        "type": "Collector",
        "price_credits": "-",
        "price_xp": "-",
        "price_gold": 7500,
        "restoration_credits": "-",
        "restoration_gold": 7500,
        "sale_credits": "-",
        "sale_gold ": 3750
    },
    {
        "dev_id": 27137,
        "national_id": 106,
        "letter_id": "R192",
        "full_name": "K-2",
        "short_name": "K-2",
        "tier": "VIII",
        "class": "Heavy",
        "type": "Collector",
        "price_credits": "-",
        "price_xp": "-",
        "price_gold": 7500,
        "restoration_credits": "-",
        "restoration_gold": 7500,
        "sale_credits": "-",
        "sale_gold ": 3750
    },
    {
        "dev_id": 20993,
        "national_id": 82,
        "letter_id": "R63",
        "full_name": "T-2020",
        "short_name": "T-2020",
        "tier": "VIII",
        "class": "Heavy",
        "type": "Collector",
        "price_credits": "-",
        "price_xp": "-",
        "price_gold": 7500,
        "restoration_credits": "-",
        "restoration_gold": 7500,
        "sale_credits": "-",
        "sale_gold ": 3750
    },
    {
        "dev_id": 20481,
        "national_id": 80,
        "letter_id": "R134",
        "full_name": "Object 252U",
        "short_name": "Obj. 252U",
        "tier": "VIII",
        "class": "Heavy",
        "type": "Collector",
        "price_credits": "-",
        "price_xp": "-",
        "price_gold": 7500,
        "restoration_credits": "-",
        "restoration_gold": 7500,
        "sale_credits": "-",
        "sale_gold ": 3750
    },
    {
        "dev_id": 9985,
        "national_id": 39,
        "letter_id": "R58",
        "full_name": "SU-101",
        "short_name": "SU-101",
        "tier": "VIII",
        "class": "TD",
        "type": "Tech Tree",
        "price_credits": 2560000,
        "price_xp": 91000,
        "price_gold": "-",
        "restoration_credits": "-",
        "restoration_gold": "-",
        "sale_credits": 1280000,
        "sale_gold ": "- "
    },
    {
        "dev_id": 7425,
        "national_id": 29,
        "letter_id": "R47",
        "full_name": "ISU-152",
        "short_name": "ISU-152",
        "tier": "VIII",
        "class": "TD",
        "type": "Tech Tree",
        "price_credits": 2520000,
        "price_xp": 75000,
        "price_gold": "-",
        "restoration_credits": "-",
        "restoration_gold": "-",
        "sale_credits": 1260000,
        "sale_gold ": "- "
    },
    {
        "dev_id": 18945,
        "national_id": 74,
        "letter_id": "R111",
        "full_name": "ISU-130",
        "short_name": "ISU-130",
        "tier": "VIII",
        "class": "TD",
        "type": "Premium",
        "price_credits": "-",
        "price_xp": "-",
        "price_gold": 7200,
        "restoration_credits": 2880000,
        "restoration_gold": "-",
        "sale_credits": 1440000,
        "sale_gold ": "- "
    },
    {
        "dev_id": 27393,
        "national_id": 107,
        "letter_id": "R217",
        "full_name": "Object Kust",
        "short_name": "Obj. Kust",
        "tier": "VIII",
        "class": "TD",
        "type": "Collector",
        "price_credits": "-",
        "price_xp": "-",
        "price_gold": 7500,
        "restoration_credits": "-",
        "restoration_gold": 7500,
        "sale_credits": "-",
        "sale_gold ": 3750
    },
    {
        "dev_id": 20737,
        "national_id": 81,
        "letter_id": "R159",
        "full_name": "SU-130PM",
        "short_name": "SU-130PM",
        "tier": "VIII",
        "class": "TD",
        "type": "Collector",
        "price_credits": "-",
        "price_xp": "-",
        "price_gold": 7500,
        "restoration_credits": "-",
        "restoration_gold": 7500,
        "sale_credits": "-",
        "sale_gold ": 3750
    },
    {
        "dev_id": 24065,
        "national_id": 94,
        "letter_id": "R131",
        "full_name": "LTG",
        "short_name": "LTG",
        "tier": "VII",
        "class": "Light",
        "type": "Tech Tree",
        "price_credits": 1380000,
        "price_xp": 59150,
        "price_gold": "-",
        "restoration_credits": "-",
        "restoration_gold": "-",
        "sale_credits": 690000,
        "sale_gold ": "- "
    },
    {
        "dev_id": 18433,
        "national_id": 72,
        "letter_id": "R107",
        "full_name": "LTTB",
        "short_name": "LTTB",
        "tier": "VII",
        "class": "Light",
        "type": "Tech Tree",
        "price_credits": 1380000,
        "price_xp": 59150,
        "price_gold": "-",
        "restoration_credits": "-",
        "restoration_gold": "-",
        "sale_credits": 690000,
        "sale_gold ": "- "
    },
    {
        "dev_id": 6657,
        "national_id": 26,
        "letter_id": "R23",
        "full_name": "T-43",
        "short_name": "T-43",
        "tier": "VII",
        "class": "Medium",
        "type": "Tech Tree",
        "price_credits": 1355000,
        "price_xp": 62540,
        "price_gold": "-",
        "restoration_credits": "-",
        "restoration_gold": "-",
        "sale_credits": 677500,
        "sale_gold ": "- "
    },
    {
        "dev_id": 64001,
        "national_id": 250,
        "letter_id": "R07",
        "full_name": "T-34-85 Rudy",
        "short_name": "T-34-85 Rudy",
        "tier": "VII",
        "class": "Medium",
        "type": "Collector",
        "price_credits": "-",
        "price_xp": "-",
        "price_gold": 5000,
        "restoration_credits": "-",
        "restoration_gold": 5000,
        "sale_credits": "-",
        "sale_gold ": 2500
    },
    {
        "dev_id": 26625,
        "national_id": 104,
        "letter_id": "-",
        "full_name": "T-34-85 Breakthrough",
        "short_name": "T-34-85 Breakthrough",
        "tier": "VII",
        "class": "Medium",
        "type": "Collector",
        "price_credits": "-",
        "price_xp": "-",
        "price_gold": 500,
        "restoration_credits": "-",
        "restoration_gold": 1000,
        "sale_credits": "-",
        "sale_gold ": 500
    },
    {
        "dev_id": 21505,
        "national_id": 84,
        "letter_id": "R98",
        "full_name": "T-44-85",
        "short_name": "T-44-85",
        "tier": "VII",
        "class": "Medium",
        "type": "Collector",
        "price_credits": "-",
        "price_xp": "-",
        "price_gold": 5000,
        "restoration_credits": "-",
        "restoration_gold": 5000,
        "sale_credits": "-",
        "sale_gold ": 2500
    },
    {
        "dev_id": 8961,
        "national_id": 35,
        "letter_id": "R46",
        "full_name": "KV-13",
        "short_name": "KV-13",
        "tier": "VII",
        "class": "Medium",
        "type": "Collector",
        "price_credits": "-",
        "price_xp": "-",
        "price_gold": 1500,
        "restoration_credits": "-",
        "restoration_gold": 3000,
        "sale_credits": "-",
        "sale_gold ": 1500
    },
    {
        "dev_id": 5889,
        "national_id": 23,
        "letter_id": "R39",
        "full_name": "KV-3",
        "short_name": "KV-3",
        "tier": "VII",
        "class": "Heavy",
        "type": "Tech Tree",
        "price_credits": 1390000,
        "price_xp": 61000,
        "price_gold": "-",
        "restoration_credits": "-",
        "restoration_gold": "-",
        "sale_credits": 695000,
        "sale_gold ": "- "
    },
    {
        "dev_id": 513,
        "national_id": 2,
        "letter_id": "R01",
        "full_name": "IS",
        "short_name": "IS",
        "tier": "VII",
        "class": "Heavy",
        "type": "Tech Tree",
        "price_credits": 1424000,
        "price_xp": 58390,
        "price_gold": "-",
        "restoration_credits": "-",
        "restoration_gold": "-",
        "sale_credits": 712000,
        "sale_gold ": "- "
    },
    {
        "dev_id": 25601,
        "national_id": 100,
        "letter_id": "R175",
        "full_name": "IS-2 shielded",
        "short_name": "IS-2 shielded",
        "tier": "VII",
        "class": "Heavy",
        "type": "Premium",
        "price_credits": "-",
        "price_xp": "-",
        "price_gold": 5000,
        "restoration_credits": 2000000,
        "restoration_gold": "-",
        "sale_credits": 1000000,
        "sale_gold ": "- "
    },
    {
        "dev_id": 59137,
        "national_id": 231,
        "letter_id": "R71",
        "full_name": "IS-2 (1945)",
        "short_name": "IS-2 (1945)",
        "tier": "VII",
        "class": "Heavy",
        "type": "Collector",
        "price_credits": "-",
        "price_xp": "-",
        "price_gold": 5000,
        "restoration_credits": "-",
        "restoration_gold": 5000,
        "sale_credits": "-",
        "sale_gold ": 2500
    },
    {
        "dev_id": 10241,
        "national_id": 40,
        "letter_id": "R74",
        "full_name": "SU-100M1",
        "short_name": "SU-100M1",
        "tier": "VII",
        "class": "TD",
        "type": "Tech Tree",
        "price_credits": 1365000,
        "price_xp": 48200,
        "price_gold": "-",
        "restoration_credits": "-",
        "restoration_gold": "-",
        "sale_credits": 682500,
        "sale_gold ": "- "
    },
    {
        "dev_id": 2305,
        "national_id": 9,
        "letter_id": "R18",
        "full_name": "SU-152",
        "short_name": "SU-152",
        "tier": "VII",
        "class": "TD",
        "type": "Tech Tree",
        "price_credits": 1305000,
        "price_xp": 49500,
        "price_gold": "-",
        "restoration_credits": "-",
        "restoration_gold": "-",
        "sale_credits": 652500,
        "sale_gold ": "- "
    },
    {
        "dev_id": 59649,
        "national_id": 233,
        "letter_id": "R116",
        "full_name": "ISU-122S",
        "short_name": "ISU-122S",
        "tier": "VII",
        "class": "TD",
        "type": "Premium",
        "price_credits": "-",
        "price_xp": "-",
        "price_gold": 4900,
        "restoration_credits": 1960000,
        "restoration_gold": "-",
        "sale_credits": 980000,
        "sale_gold ": "- "
    },
    {
        "dev_id": 55297,
        "national_id": 216,
        "letter_id": "R89",
        "full_name": "SU-122-44",
        "short_name": "SU-122-44",
        "tier": "VII",
        "class": "TD",
        "type": "Premium",
        "price_credits": "-",
        "price_xp": "-",
        "price_gold": 5100,
        "restoration_credits": 2040000,
        "restoration_gold": "-",
        "sale_credits": 1020000,
        "sale_gold ": "- "
    },
    {
        "dev_id": 16641,
        "national_id": 65,
        "letter_id": "R101",
        "full_name": "MT-25",
        "short_name": "MT-25",
        "tier": "VI",
        "class": "Light",
        "type": "Tech Tree",
        "price_credits": 880000,
        "price_xp": 31000,
        "price_gold": "-",
        "restoration_credits": "-",
        "restoration_gold": "-",
        "sale_credits": 440000,
        "sale_gold ": "- "
    },
    {
        "dev_id": 2561,
        "national_id": 10,
        "letter_id": "R07",
        "full_name": "T-34-85",
        "short_name": "T-34-85",
        "tier": "VI",
        "class": "Medium",
        "type": "Tech Tree",
        "price_credits": 915000,
        "price_xp": 29000,
        "price_gold": "-",
        "restoration_credits": "-",
        "restoration_gold": "-",
        "sale_credits": 457500,
        "sale_gold ": "- "
    },
    {
        "dev_id": 64257,
        "national_id": 251,
        "letter_id": "R07",
        "full_name": "T-34-85 Victory",
        "short_name": "T-34-85 Victory",
        "tier": "VI",
        "class": "Medium",
        "type": "Premium",
        "price_credits": "-",
        "price_xp": "-",
        "price_gold": 3500,
        "restoration_credits": 1400000,
        "restoration_gold": "-",
        "sale_credits": 700000,
        "sale_gold ": "- "
    },
    {
        "dev_id": 19713,
        "national_id": 77,
        "letter_id": "R140",
        "full_name": "Loza's M4-A2 Sherman",
        "short_name": "Loza's Sherman",
        "tier": "VI",
        "class": "Medium",
        "type": "Premium",
        "price_credits": "-",
        "price_xp": "-",
        "price_gold": 3100,
        "restoration_credits": 1240000,
        "restoration_gold": "-",
        "sale_credits": 620000,
        "sale_gold ": "- "
    },
    {
        "dev_id": 22785,
        "national_id": 89,
        "letter_id": "-",
        "full_name": "Triumphant",
        "short_name": "Triumphant",
        "tier": "VI",
        "class": "Medium",
        "type": "Collector",
        "price_credits": "-",
        "price_xp": "-",
        "price_gold": 500,
        "restoration_credits": "-",
        "restoration_gold": 1000,
        "sale_credits": "-",
        "sale_gold ": 500
    },
    {
        "dev_id": 22017,
        "national_id": 86,
        "letter_id": "-",
        "full_name": "T-34-85",
        "short_name": "T-34-85",
        "tier": "VI",
        "class": "Medium",
        "type": "Collector",
        "price_credits": "-",
        "price_xp": "-",
        "price_gold": 10,
        "restoration_credits": "-",
        "restoration_gold": 20,
        "sale_credits": "-",
        "sale_gold ": 10
    },
    {
        "dev_id": 10497,
        "national_id": 41,
        "letter_id": "R77",
        "full_name": "KV-2",
        "short_name": "KV-2",
        "tier": "VI",
        "class": "Heavy",
        "type": "Tech Tree",
        "price_credits": 920000,
        "price_xp": 30000,
        "price_gold": "-",
        "restoration_credits": "-",
        "restoration_gold": "-",
        "sale_credits": 460000,
        "sale_gold ": "- "
    },
    {
        "dev_id": 2817,
        "national_id": 11,
        "letter_id": "R13",
        "full_name": "KV-1S",
        "short_name": "KV-1S",
        "tier": "VI",
        "class": "Heavy",
        "type": "Tech Tree",
        "price_credits": 900000,
        "price_xp": 30000,
        "price_gold": "-",
        "restoration_credits": "-",
        "restoration_gold": "-",
        "sale_credits": 450000,
        "sale_gold ": "- "
    },
    {
        "dev_id": 23297,
        "national_id": 91,
        "letter_id": "R160",
        "full_name": "Object 244",
        "short_name": "Object 244",
        "tier": "VI",
        "class": "Heavy",
        "type": "Collector",
        "price_credits": "-",
        "price_xp": "-",
        "price_gold": 3500,
        "restoration_credits": "-",
        "restoration_gold": 3500,
        "sale_credits": "-",
        "sale_gold ": 1750
    },
    {
        "dev_id": 21249,
        "national_id": 83,
        "letter_id": "-",
        "full_name": "Thunder",
        "short_name": "Thunder",
        "tier": "VI",
        "class": "Heavy",
        "type": "Collector",
        "price_credits": "-",
        "price_xp": "-",
        "price_gold": 500,
        "restoration_credits": "-",
        "restoration_gold": 1000,
        "sale_credits": "-",
        "sale_gold ": 500
    },
    {
        "dev_id": 11265,
        "national_id": 44,
        "letter_id": "R72",
        "full_name": "T-150",
        "short_name": "T-150",
        "tier": "VI",
        "class": "Heavy",
        "type": "Collector",
        "price_credits": "-",
        "price_xp": "-",
        "price_gold": 500,
        "restoration_credits": "-",
        "restoration_gold": 1000,
        "sale_credits": "-",
        "sale_gold ": 500
    },
    {
        "dev_id": 3585,
        "national_id": 14,
        "letter_id": "R17",
        "full_name": "SU-100",
        "short_name": "SU-100",
        "tier": "VI",
        "class": "TD",
        "type": "Tech Tree",
        "price_credits": 908900,
        "price_xp": 25000,
        "price_gold": "-",
        "restoration_credits": "-",
        "restoration_gold": "-",
        "sale_credits": 454450,
        "sale_gold ": "- "
    },
    {
        "dev_id": 54785,
        "national_id": 214,
        "letter_id": "R49",
        "full_name": "SU-100Y",
        "short_name": "SU-100Y",
        "tier": "VI",
        "class": "TD",
        "type": "Collector",
        "price_credits": "-",
        "price_xp": "-",
        "price_gold": 3500,
        "restoration_credits": "-",
        "restoration_gold": 3500,
        "sale_credits": "-",
        "sale_gold ": 1750
    },
    {
        "dev_id": 1,
        "national_id": 0,
        "letter_id": "R04",
        "full_name": "T-34",
        "short_name": "T-34",
        "tier": "V",
        "class": "Medium",
        "type": "Tech Tree",
        "price_credits": 400000,
        "price_xp": 11000,
        "price_gold": "-",
        "restoration_credits": "-",
        "restoration_gold": "-",
        "sale_credits": 200000,
        "sale_gold ": "- "
    },
    {
        "dev_id": 51457,
        "national_id": 201,
        "letter_id": "R32",
        "full_name": "Matilda IV",
        "short_name": "Matilda IV",
        "tier": "V",
        "class": "Medium",
        "type": "Premium",
        "price_credits": "-",
        "price_xp": "-",
        "price_gold": 2400,
        "restoration_credits": 960000,
        "restoration_gold": "-",
        "sale_credits": 480000,
        "sale_gold ": "- "
    },
    {
        "dev_id": 23041,
        "national_id": 90,
        "letter_id": "R154",
        "full_name": "T-34 shielded",
        "short_name": "T-34 shielded",
        "tier": "V",
        "class": "Medium",
        "type": "Premium",
        "price_credits": "-",
        "price_xp": "-",
        "price_gold": 500,
        "restoration_credits": 200000,
        "restoration_gold": "-",
        "sale_credits": 100000,
        "sale_gold ": "- "
    },
    {
        "dev_id": 11777,
        "national_id": 46,
        "letter_id": "R80",
        "full_name": "KV-1",
        "short_name": "KV-1",
        "tier": "V",
        "class": "Heavy",
        "type": "Tech Tree",
        "price_credits": 400000,
        "price_xp": 10000,
        "price_gold": "-",
        "restoration_credits": "-",
        "restoration_gold": "-",
        "sale_credits": 200000,
        "sale_gold ": "- "
    },
    {
        "dev_id": 51713,
        "national_id": 202,
        "letter_id": "R33",
        "full_name": "Churchill III",
        "short_name": "Churchill III",
        "tier": "V",
        "class": "Heavy",
        "type": "Premium",
        "price_credits": "-",
        "price_xp": "-",
        "price_gold": 2400,
        "restoration_credits": 960000,
        "restoration_gold": "-",
        "sale_credits": 480000,
        "sale_gold ": "- "
    },
    {
        "dev_id": 51201,
        "national_id": 200,
        "letter_id": "R38",
        "full_name": "KV-220 Beta-Test",
        "short_name": "KV-220 T",
        "tier": "V",
        "class": "Heavy",
        "type": "Collector",
        "price_credits": "-",
        "price_xp": "-",
        "price_gold": 2500,
        "restoration_credits": "-",
        "restoration_gold": 5000,
        "sale_credits": "-",
        "sale_gold ": 2500
    },
    {
        "dev_id": 257,
        "national_id": 1,
        "letter_id": "R02",
        "full_name": "SU-85",
        "short_name": "SU-85",
        "tier": "V",
        "class": "TD",
        "type": "Tech Tree",
        "price_credits": 400000,
        "price_xp": 7000,
        "price_gold": "-",
        "restoration_credits": "-",
        "restoration_gold": "-",
        "sale_credits": 200000,
        "sale_gold ": "- "
    },
    {
        "dev_id": 53761,
        "national_id": 210,
        "letter_id": "R78",
        "full_name": "SU-85I",
        "short_name": "SU-85I",
        "tier": "V",
        "class": "TD",
        "type": "Premium",
        "price_credits": "-",
        "price_xp": "-",
        "price_gold": 2500,
        "restoration_credits": 1000000,
        "restoration_gold": "-",
        "sale_credits": 500000,
        "sale_gold ": "- "
    },
    {
        "dev_id": 2049,
        "national_id": 8,
        "letter_id": "R12",
        "full_name": "A-20",
        "short_name": "A-20",
        "tier": "IV",
        "class": "Light",
        "type": "Tech Tree",
        "price_credits": 85000,
        "price_xp": 2500,
        "price_gold": "-",
        "restoration_credits": "-",
        "restoration_gold": "-",
        "sale_credits": 42500,
        "sale_gold ": "- "
    },
    {
        "dev_id": 52481,
        "national_id": 205,
        "letter_id": "R31",
        "full_name": "Valentine II",
        "short_name": "Valentine II",
        "tier": "IV",
        "class": "Light",
        "type": "Collector",
        "price_credits": "-",
        "price_xp": "-",
        "price_gold": 1500,
        "restoration_credits": "-",
        "restoration_gold": 3000,
        "sale_credits": "-",
        "sale_gold ": 1500
    },
    {
        "dev_id": 52993,
        "national_id": 207,
        "letter_id": "R68",
        "full_name": "A-32",
        "short_name": "A-32",
        "tier": "IV",
        "class": "Medium",
        "type": "Collector",
        "price_credits": "-",
        "price_xp": "-",
        "price_gold": 1450,
        "restoration_credits": "-",
        "restoration_gold": 2900,
        "sale_credits": "-",
        "sale_gold ": 1450
    },
    {
        "dev_id": 1537,
        "national_id": 6,
        "letter_id": "R06",
        "full_name": "T-28 mod. 1940",
        "short_name": "T-28 mod. 1940",
        "tier": "IV",
        "class": "Medium",
        "type": "Collector",
        "price_credits": "-",
        "price_xp": "-",
        "price_gold": 100,
        "restoration_credits": "-",
        "restoration_gold": 200,
        "sale_credits": "-",
        "sale_gold ": 100
    },
    {
        "dev_id": 6913,
        "national_id": 27,
        "letter_id": "R25",
        "full_name": "SU-85B",
        "short_name": "SU-85B",
        "tier": "IV",
        "class": "TD",
        "type": "Tech Tree",
        "price_credits": 85000,
        "price_xp": 2500,
        "price_gold": "-",
        "restoration_credits": "-",
        "restoration_gold": "-",
        "sale_credits": 42500,
        "sale_gold ": "- "
    },
    {
        "dev_id": 769,
        "national_id": 3,
        "letter_id": "R03",
        "full_name": "BT-7",
        "short_name": "BT-7",
        "tier": "III",
        "class": "Light",
        "type": "Tech Tree",
        "price_credits": 6000,
        "price_xp": 700,
        "price_gold": "-",
        "restoration_credits": "-",
        "restoration_gold": "-",
        "sale_credits": 3000,
        "sale_gold ": "- "
    },
    {
        "dev_id": 60929,
        "national_id": 238,
        "letter_id": "R105",
        "full_name": "BT-7 artillery",
        "short_name": "BT-7 art.",
        "tier": "III",
        "class": "Light",
        "type": "Collector",
        "price_credits": "-",
        "price_xp": "-",
        "price_gold": 850,
        "restoration_credits": "-",
        "restoration_gold": 1700,
        "sale_credits": "-",
        "sale_gold ": 850
    },
    {
        "dev_id": 56577,
        "national_id": 221,
        "letter_id": "R86",
        "full_name": "LTP",
        "short_name": "LTP",
        "tier": "III",
        "class": "Light",
        "type": "Collector",
        "price_credits": "-",
        "price_xp": "-",
        "price_gold": 850,
        "restoration_credits": "-",
        "restoration_gold": 1700,
        "sale_credits": "-",
        "sale_gold ": 850
    },
    {
        "dev_id": 53505,
        "national_id": 209,
        "letter_id": "R56",
        "full_name": "T-127",
        "short_name": "T-127",
        "tier": "III",
        "class": "Light",
        "type": "Collector",
        "price_credits": "-",
        "price_xp": "-",
        "price_gold": 950,
        "restoration_credits": "-",
        "restoration_gold": 1900,
        "sale_credits": "-",
        "sale_gold ": 950
    },
    {
        "dev_id": 52737,
        "national_id": 206,
        "letter_id": "R67",
        "full_name": "M3 Light",
        "short_name": "M3 Light",
        "tier": "III",
        "class": "Light",
        "type": "Collector",
        "price_credits": "-",
        "price_xp": "-",
        "price_gold": 850,
        "restoration_credits": "-",
        "restoration_gold": 1700,
        "sale_credits": "-",
        "sale_gold ": 850
    },
    {
        "dev_id": 52225,
        "national_id": 204,
        "letter_id": "R34",
        "full_name": "BT-SV",
        "short_name": "BT-SV",
        "tier": "III",
        "class": "Light",
        "type": "Collector",
        "price_credits": "-",
        "price_xp": "-",
        "price_gold": 1000,
        "restoration_credits": "-",
        "restoration_gold": 2000,
        "sale_credits": "-",
        "sale_gold ": 1000
    },
    {
        "dev_id": 18689,
        "national_id": 73,
        "letter_id": "R43",
        "full_name": "T-70/57",
        "short_name": "T-70/57",
        "tier": "III",
        "class": "Light",
        "type": "Collector",
        "price_credits": "-",
        "price_xp": "-",
        "price_gold": 850,
        "restoration_credits": "-",
        "restoration_gold": 1700,
        "sale_credits": "-",
        "sale_gold ": 850
    },
    {
        "dev_id": 3073,
        "national_id": 12,
        "letter_id": "R22",
        "full_name": "T-46",
        "short_name": "T-46",
        "tier": "III",
        "class": "Light",
        "type": "Collector",
        "price_credits": "-",
        "price_xp": "-",
        "price_gold": 50,
        "restoration_credits": "-",
        "restoration_gold": 100,
        "sale_credits": "-",
        "sale_gold ": 50
    },
    {
        "dev_id": 54273,
        "national_id": 212,
        "letter_id": "R50",
        "full_name": "SU-76I",
        "short_name": "SU-76I",
        "tier": "III",
        "class": "TD",
        "type": "Collector",
        "price_credits": "-",
        "price_xp": "-",
        "price_gold": 1000,
        "restoration_credits": "-",
        "restoration_gold": 2000,
        "sale_credits": "-",
        "sale_gold ": 1000
    },
    {
        "dev_id": 6401,
        "national_id": 25,
        "letter_id": "R24",
        "full_name": "SU-76",
        "short_name": "SU-76",
        "tier": "III",
        "class": "TD",
        "type": "Collector",
        "price_credits": "-",
        "price_xp": "-",
        "price_gold": 50,
        "restoration_credits": "-",
        "restoration_gold": 100,
        "sale_credits": "-",
        "sale_gold ": 50
    },
    {
        "dev_id": 1025,
        "national_id": 4,
        "letter_id": "R08",
        "full_name": "BT-2",
        "short_name": "BT-2",
        "tier": "II",
        "class": "Light",
        "type": "Tech Tree",
        "price_credits": 1200,
        "price_xp": 210,
        "price_gold": "-",
        "restoration_credits": "-",
        "restoration_gold": "-",
        "sale_credits": 600,
        "sale_gold ": "- "
    },
    {
        "dev_id": 54529,
        "national_id": 213,
        "letter_id": "R84",
        "full_name": "Tetrarch",
        "short_name": "Tetrarch",
        "tier": "II",
        "class": "Light",
        "type": "Collector",
        "price_credits": "-",
        "price_xp": "-",
        "price_gold": 700,
        "restoration_credits": "-",
        "restoration_gold": 1400,
        "sale_credits": "-",
        "sale_gold ": 700
    },
    {
        "dev_id": 23553,
        "national_id": 92,
        "letter_id": "-",
        "full_name": "MS-1",
        "short_name": "MS-1",
        "tier": "II",
        "class": "Light",
        "type": "Collector",
        "price_credits": "-",
        "price_xp": "-",
        "price_gold": 25,
        "restoration_credits": "-",
        "restoration_gold": 50,
        "sale_credits": "-",
        "sale_gold ": 25
    },
    {
        "dev_id": 5121,
        "national_id": 20,
        "letter_id": "R10",
        "full_name": "AT-1",
        "short_name": "AT-1",
        "tier": "II",
        "class": "TD",
        "type": "Collector",
        "price_credits": "-",
        "price_xp": "-",
        "price_gold": 25,
        "restoration_credits": "-",
        "restoration_gold": 50,
        "sale_credits": "-",
        "sale_gold ": 25
    },
    {
        "dev_id": 4609,
        "national_id": 18,
        "letter_id": "R09",
        "full_name": "T-26",
        "short_name": "T-26",
        "tier": "I",
        "class": "Light",
        "type": "Tech Tree",
        "price_credits": 0,
        "price_xp": 600,
        "price_gold": "-",
        "restoration_credits": "-",
        "restoration_gold": "-",
        "sale_credits": 0,
        "sale_gold ": "- "
    },
    {
        "dev_id": 3329,
        "national_id": 13,
        "letter_id": "R11",
        "full_name": "MS-1 mod. 1",
        "short_name": "MS-1 mod. 1",
        "tier": "I",
        "class": "Light",
        "type": "Tech Tree",
        "price_credits": 0,
        "price_xp": 0,
        "price_gold": "-",
        "restoration_credits": "-",
        "restoration_gold": "-",
        "sale_credits": 0,
        "sale_gold ": "- "
    }
]